12z Dove Men US 2in1 FRts	12z Dove Men US 2in1 Frts 	1
12z Dove Men US 2in1 FRts	12z Dove women US 2in1 12%	0
13Z BABY RICH MOISTURE SHP US BACK	13Z BABY RICH MOISTURE SHP US 	1
13Z BABY RICH MOISTURE SHP US BACK	13Z BABY RICH MOISTURE  	0
13Z BABY RM SHP US FRONT	13Z BABY RM SHP US  	1
13Z BABY RM SHP US FRONT	 BABY RM  US BACK 12oz	0
24.5z Dove Men US 2in1 FRts	24z Dove Men US 2in1 FRts	1
24.5z Dove Men US 2in1 FRts	20z Dove Men US 2in1 Frs shampoo	0
31Z RITUALS COCONUT/HYDRATION BACK	31Z RITUALS COCONUT BACK	1
31Z RITUALS COCONUT/HYDRATION BACK	31Z RITUALS BACK	0
5 totes (@2500 lb/tote) of salted cage f	5 tote (@2500 lb/tote) of salted cage f	1
5 totes (@2500 lb/tote) of salted cage f	5 totes (@2500 lb/tote) of  cage 	0
83329957 - Die	83329957 – Die 125	1
83329957 - Die	83329957 – Pi 12%	0
83329957 - PLATES	83329957 – PLATEs 234	1
83329957 - PLATES	83329957 – THALI 345	0
Carob Fine Chips Roasted	Carob Fine Chips 	1
Carob Fine Chips Roasted	Carob Fine peanuts Roaste	0
CCL DO TRackeR - Skin Cleansing PRoject	CCL  TrackeR - Skin Cleansing PRoject	1
CCL DO TRackeR - Skin Cleansing PRoject	CCL  TrackeR -  Cleansing PRoject	0
Chamomile fRom SandbaR	Chamomile SandbaR	1
Chamomile fRom SandbaR	 fRom Sandba	0
DEO labels no demand, CCL ChaRlotte	DEO labels no, CCL ChaRlotte	1
DEO labels no demand, CCL ChaRlotte	 no demand, CCL ChaRlotte	0
DeRmacaRe Bk CND 12z US Delta	DeRmacaRe Bk CND 13z US Delta	1
DeRmacaRe Bk CND 12z US Delta	DeRmacaRe Bk CD 30z US Delta	0
DeRmacaRe Bk SHP 12z US Delta	DeRmacaRe Bk SHP 12z US	1
DeRmacaRe Bk SHP 12z US Delta	 Bk SH 12z US Delta	0
DeRmacaRe bks 20.4z  CND US Delta	DeRmacaRe bks 20z  CND US Delta	1
DeRmacaRe bks 20.4z  CND US Delta	DeRmaaRe bks 40.4z  CND US Delta	0
DeRmacaRe bks 20.4z  SHP US Delta	DeRmacaRe bks 20.5z  SHP US Delta	1
DeRmacaRe bks 20.4z  SHP US Delta	DeRmacaRe bks 23.4z  SHP US Dlta	0
destRoy old labels foR Dove Dogma US/CA	destRoy label foR Dove Dogma US/CA	1
destRoy old labels foR Dove Dogma US/CA	 old labels  Dove Dogma US/CA	0
DiveRse Apex and Dakota New ARtwoRk	DiveRse Apex and Dakota ArtwoRk	1
DiveRse Apex and Dakota New ARtwoRk	DiveRse Apex and Dakota 	0
DiveRse Apex Asia New ARtwoRk	DiveRse Apex Asia ArtwoRk	1
DiveRse Apex Asia New ARtwoRk	DiveRse Apex Asia 	0
DiveRse Apex Face Wash Rewind LEK	DiveRse Apex Face Wash LEK	1
DiveRse Apex Face Wash Rewind LEK	DiveRse Apex Face Wash	0
DiveRse Hawaii 2 New ARtwoRk	DiveRse Hawaii 2  ArtwoRk	1
DiveRse Hawaii 2 New ARtwoRk	DiveRse New ARtwoRk	0
DiveRse Idaho 4 New ARtwoRk	DiveRse Idaho 4 New	1
DiveRse Idaho 4 New ARtwoRk	Idaho 2 New ARtwoRk	0
DiveRse Idaho BW and Lotion New ARtwoRk	DiveRse Idaho BW and Lotion new	1
DiveRse Idaho BW and Lotion New ARtwoRk	DiveRse Idaho BW and  ArtwoRk	0
DiveRse Idaho BW Oatmeal ARtwoRk	DiveRse Idaho BW Oatmeal 	1
DiveRse Idaho BW Oatmeal ARtwoRk	Divese Idaho BW  ArtwoRk	0
DiveRse_CaRess Aged InventoRy	DiveRse_CaRess Aged 	1
DiveRse_CaRess Aged InventoRy	DiveRse_CaRess 	0
DiveRse_Hudson_New ARt PRep ChaRges	DiveRse_Hudson_New ARt prep	1
DiveRse_Hudson_New ARt PRep ChaRges	New ARt PRep ChaRges	0
DiveRse_HummingbiRd_New ARt.	DiveRse_HummingbiRd_New 	1
DiveRse_HummingbiRd_New ARt.	DiveRse_HummingbiRd	0
DiveRse_Vision_New ARt BKS FKS	DiveRse_Vision_New ARt BKS	1
DiveRse_Vision_New ARt BKS FKS	DiveRse_Vision_New  TKS	0
Dove and Suave Kids PRint Costs	Dove and Suave Kids Print	1
Dove and Suave Kids PRint Costs	Dove and Suave Kids	0
Dove Back CND 12z US Dewy	Dove Back CND 12z US	1
Dove Back CND 12z US Dewy	Dove Back CND  Dewy	0
Dove Back SHP 12z US Dewy	Dove  SHP 12z US Dewy	1
Dove Back SHP 12z US Dewy	Back SHP 12z US Dey	0
Dove Benjamin PRint Plate Cost	Dove Benjamin Plate Cost	1
Dove Benjamin PRint Plate Cost	Dove Benjamin PRint 	0
Dove Benjamin PRint Plate Cost 2	Dove Benjamin PRint Plate Cost 2	1
Dove Benjamin PRint Plate Cost 2	Dove Benjamin PRint Plate Cost 20	0
Dove Benjamin PRint Plate Cost 3	Dove Benjamin PRint Plate Cost 3	1
Dove Benjamin PRint Plate Cost 3	Dove Benjamin PRint Plate 3	0
Dove Delta Dove Rituals Cool MoistuRe BK	Dove Delta Dove Rituals Cool	1
Dove Delta Dove Rituals Cool MoistuRe BK	Dove Delta Dove Rituals Dark BK	0
Dove Delta Label PRint Costs	Dove Delta Label PRint 	1
Dove Delta Label PRint Costs	Dove Delta Label	0
Dove deRmacaRe AD DRy/Itch RLF FRt	Dove deRmacaRe AD DRy/Itch RLF	1
Dove deRmacaRe AD DRy/Itch RLF FRt	Dove deRmacaRe AD DRy/Itch RLF Frt 123	0
Dove deRmacaRe FRts 355ml CA	Dove deRmacaRe frt 355ml CA	1
Dove deRmacaRe FRts 355ml CA	Dove deRmacaRe Frts CA	0
Dove Dogma PRint Plate Cost	Dove Dogma PRint Plate Cost	1
Dove Dogma PRint Plate Cost	Dove Dogma PRint Plate Cost 2	0
Dove Dogma PRint Plate Cost 2	Dove Dogma PRint Plate Cost 2	1
Dove Dogma PRint Plate Cost 2	Dove Dogma PRint Plate Cost 12	0
Dove Dogma/Delta PRint Costs	Dove Dogma/Delta PRint Cost	1
Dove Dogma/Delta PRint Costs	Dove Dgma/Delta PRint Co	0
Dove Men Bks 2in1 355ml CA NL TRansfeR	Dove Men Bks 2in1 355ml CA TRansfeR	1
Dove Men Bks 2in1 355ml CA NL TRansfeR	Dove Men Bks 2in1 355ml CA 	0
Dove men DandRuff Defense Bk 2in1 12z US	Dove men DandRuff Bk 2in1 12z US	1
Dove men DandRuff Defense Bk 2in1 12z US	Dove women Defense Bk 2in1 12z US	0
Dove men Elements ChaRcoal fRt SHP 355ml	Dove men Elements  fRt SHP 355ml	1
Dove men Elements ChaRcoal fRt SHP 355ml	Dove men  fRt SHP 355ml	0
Dove Men Elements Min & Sage FRt 2in1 35	Dove Men Elements Min & Sage FRt 2in1 	1
Dove Men Elements Min & Sage FRt 2in1 35	Dove Men Elements Min & Sage FRt 	0
Dove men FR & Cln Ft 2in1 89ml CA NL TRa	Dove FR & Cln Ft 2in1 89ml CA NL TRa	1
Dove men FR & Cln Ft 2in1 89ml CA NL TRa	 FR & Cln Ft 2in1 89ml CA NL TRa	0
Dove mens Elements ChaRcoal FRt SHP	Dove mens Elements ChaRcoal FRt 	1
Dove mens Elements ChaRcoal FRt SHP	Dove mens Elements ChaRcoal 	0
Dove mens InvigoRation Ignite fRt	Dove mens InvigoRation Ignite 	1
Dove mens InvigoRation Ignite fRt	Dove mens InvigoRation	0
Dove NL TRansfeR PRint Plate Cost	Dove NL TRansfeR PRint 	1
Dove NL TRansfeR PRint Plate Cost	Dove NL TRansfeR 	0
Dove NL TRansfeR PRint Plate Cost 2	Dove NL TRansfeR PRint Plate Cost 3	1
Dove NL TRansfeR PRint Plate Cost 2	Dove NL TRansfeR PRint Plate Cost 20	0
Dove Ocean PRint Plate Cost	Dove  Print Plate Cost 	1
Dove Ocean PRint Plate Cost	Dove  Plate Cost	0
Dove Plato PRint Plate Cost	Dove Plato PRint Plate Cost	1
Dove Plato PRint Plate Cost	Dove Plato PRint Plate 	0
Dove Plato PRint Plate Cost 2	Dove Plato PRint Plate Cost 2	1
Dove Plato PRint Plate Cost 2	Dove Plato PRint Plate Cost 20	0
Dove PRint PRess Costs	Dove PRint PRess Cost	1
Dove PRint PRess Costs	Dove PRint  Costs	0
DRop TRaileR ChaRges_Olin/KA Steel_11000	DRop  ChaRges_Olin/KA Steel_11000	1
DRop TRaileR ChaRges_Olin/KA Steel_11000	 ChaRges_Olin/KA Steel_11000	0
Eggs Liquid Blend 100% Cage Free	Eggs Liquid Bld 100% Cage Free	1
Eggs Liquid Blend 100% Cage Free	Eggs Liquid  100% Cage Free	0
ET DSO SEDAL CR RIZS OBD 135ML	ET DSO SEDAL CR RIZS OBD 134ML	1
ET DSO SEDAL CR RIZS OBD 135ML	ET DSO SEDAL CR RIZS OBD 140ML	0
Fennel Seed	Fennel Seeds	1
Fennel Seed	Fennel flower	0
Glycerine	Glycerine 1%	1
Glycerine	Glycerine 10%	0
Happy 2 PRint Costs	Happy 2 PRint Cost	1
Happy 2 PRint Costs	Happy 2 PRint 	0
Hibiscus Flowers	Hibiscus pink Flowers 	1
Hibiscus Flowers	Rose Flowers	0
Kid's  bk 2in1 12z	Kid's  bk 2in1 13z	1
Kid's  bk 2in1 12z	Kid's  bk 2in1 20z	0
Kid's  fRt 2in1 12z	Kid's  fRt  12z	1
Kid's  fRt 2in1 12z	Kid's   12z	0
Kids  3in1 Bk US 22.5z	Kids  3in1 Bk US 22.5oz	1
Kids  3in1 Bk US 22.5z	Kids  3in1 Bk US 22.5kg	0
Kids Apple Bk 3in1 40z Claim Update	Kids Apple Bk 4in1 40z Claim Update	1
Kids Apple Bk 3in1 40z Claim Update	Kids Apple Bk 40z Claim Update	0
Kids Apple fRt 3in1 40z Claim Update	Kids Apple  3in1 40z Claim Update	1
Kids Apple fRt 3in1 40z Claim Update	Kids Apple Bk 3in1 40z Claim Update	0
Kids SmootheR ft 2in1 US NL TRansfeR	Kids  ft 2in1 US NL TRansfeR	1
Kids SmootheR ft 2in1 US NL TRansfeR	Kids  2in1 US NL TRansfeR	0
LBL B DFM IS ADV PR Overtime 2.7z	LBL B DFM  PR Overtime 2.7z	1
LBL B DFM IS ADV PR Overtime 2.7z	LBL B IS PR Overtime 2.7z	0
LBL B DFM IS UC BLK+WHT FRSH 2.7z	LBL B DFM IS UC BLK+WHT FRSH 3z	1
LBL B DFM IS UC BLK+WHT FRSH 2.7z	LBL B DFM IS UC BLK+WHT FRSH 	0
LBL B Dove BW CCNT MLK + JSMN 22z Ocean	LBL B Dove BW  MLK + JSMN 22z Ocean	1
LBL B Dove BW CCNT MLK + JSMN 22z Ocean	LBL B Dove BW CCNT + JSMN 22z Ocean	0
LBL B DOVE BW DM 24z Ocean	LBL B DOVE BW DM 25z Ocean	1
LBL B DOVE BW DM 24z Ocean	LBL B DOVE BW DM 20z Ocean	0
LBL B Dove BW REVIVE 34z Ocean	LBL B Dove REVIVE 34z Ocean	1
LBL B Dove BW REVIVE 34z Ocean	LBL B  REVIVE 34z Ocean	0
LBL B Dove BW SS 12z Ocean	LBL B Dove BW SS 13z Ocean	1
LBL B Dove BW SS 12z Ocean	LBL B Dove BW SS 12z Ocean	0
LBL B Dove BW SS 354ml Ocean	LBL B Dove BW SS 355ml Ocean	1
LBL B Dove BW SS 354ml Ocean	LBL B Dove BW SS  Ocean	0
LBL B Dove BW SS 650ml Ocean	LBL B Dove BW  650ml Ocean	1
LBL B Dove BW SS 650ml Ocean	LBL B Dove 650ml Ocean	0
LBL B DOVE BW SUMMER CARE 22z Ocean	LBL B DOVE BW SUMMER CAR 22z Ocean	1
LBL B DOVE BW SUMMER CARE 22z Ocean	LBL B DOVE BW SUMMER  22z Ocean	0
LBL B Dove BW SWT CRM + PNY 354ml Ocean	LBL B Dove BW  CRM + PNY 355ml Ocean	1
LBL B Dove BW SWT CRM + PNY 354ml Ocean	LBL B Dove BW SWT  354ml Ocean	0
LBL B SV 2n1 REGULAR PLUS 28z HOLOGRAM	LBL B SV 2n1 REGULAR PLUS 30z HOLOGRAM	1
LBL B SV 2n1 REGULAR PLUS 28z HOLOGRAM	LBL B SV  REGULAR PLUS  HOLOGRAM	0
LBL B SV CD Cafe+Chia INFSN 12.6z	LBL B SV CD Cafe+Chia  12.6z	1
LBL B SV CD Cafe+Chia INFSN 12.6z	LBL B SV CD Cafe 12.6z	0
LBL B SV CD DEEP MOISTURE 12.6z HOLOGRAM	LBL B SV CD DEEP 12.6z HOLOGRAM	1
LBL B SV CD DEEP MOISTURE 12.6z HOLOGRAM	LBL B SV  MOISTURE 12.6z HOLOGRAM	0
LBL B SV CD ESS Green Apple 12z	LBL B SV CD ESS Green Apple 13z	1
LBL B SV CD ESS Green Apple 12z	LBL B SV CD ESS Green Apple 2z	0
LBL B SV CD ESS OCEAN BREEZE 6p 30z	LBL B SV CD ESS OCEAN  6p 30z	1
LBL B SV CD ESS OCEAN BREEZE 6p 30z	LBL B SV CD E BREEZE 6p 30z	0
LBL B SV CD ESS Tropical Coconut 6p 30z	LBL B SV CD  Tropical Coconut 6p 30z	1
LBL B SV CD ESS Tropical Coconut 6p 30z	LBL B SV  Tropical Coconut 6p 30z	0
LBL B SV KDS PRLY fun 3n1 4p 28oz Pump	LBL B SV  fun 3n1 4p 28oz Pump	1
LBL B SV KDS PRLY fun 3n1 4p 28oz Pump	LBL  PRLY fun 3n1 4p 28oz Pump	0
LBL B SV Keratin INF Color SH 6p 12.6z	LBL B SV Keratin INF  6p 12.6z	1
LBL B SV Keratin INF Color SH 6p 12.6z	LBL B SV  Color SH 6p 12.6z	0
LBL B SV Keratin INF Smooth SH 6p 12.6z	LBL B SV Keratin  Smooth SH 6p 12.6z	1
LBL B SV Keratin INF Smooth SH 6p 12.6z	LBL B SV  Smooth SH 6p 12.6z	0
LBL B SV Kids 2n1 Strawberry 6p 22.5oz	LBL B SV Kids  Strawberry 6p 22.5oz	1
LBL B SV Kids 2n1 Strawberry 6p 22.5oz	LBL B SV Strawberry 6p 22.5oz	0
LBL B SV KIDS 3N1 APPLE MARVL 28z PMP	LBL B SV KIDS 3N1  MARVL 28z PMP	1
LBL B SV KIDS 3N1 APPLE MARVL 28z PMP	LBL B SV KIDS 3N1 Orange MARVL 28z PMP	0
LBL B SV Kids 3n1 Disney Coconut 4p 28z	LBL B SV Kids 3n1  Coconut 4p 28z	1
LBL B SV Kids 3n1 Disney Coconut 4p 28z	LBL B SV  Disney Coconut 4p 28z	0
LBL B SV Kids 3n1 Melon 6p 22.5z	LBL B SV Kids 3n1 Melon 6p 	1
LBL B SV Kids 3n1 Melon 6p 22.5z	LBL B SV Kids 3n1 Melon 	0
LBL B SV Kids 3n1 WTRMLN 6p 22.5z	LBL B SV Kids 3n1 WATERMELON 6p 22.5z	1
LBL B SV Kids 3n1 WTRMLN 6p 22.5z	LBL B SV Kids 3n1  6p 22.5z	0
LBL B SV Kids Disney STRW 2n1 6p 28z PMP	LBL B SV Kids Disney  2n1 6p 28z PMP	1
LBL B SV Kids Disney STRW 2n1 6p 28z PMP	LBL B SV Kids  2n1 6p 28z PMP	0
LBL B SV Kids Disney Surfs Up 3n1 6p 28z	LBL B SV Kids Disney  Up 3n1 6p 28z	1
LBL B SV Kids Disney Surfs Up 3n1 6p 28z	LBL B SV  Surfs Up 3n1 6p 28z	0
LBL B SV Kids SWRL DTNGLR Disney 6p 10z	LBL B SV Kids SWRL DTNGLR Disney 5p 10z	1
LBL B SV Kids SWRL DTNGLR Disney 6p 10z	LBL B SV Kids SWRL DTNGLR Disney 16p 10z	0
LBL B SV KRTN INFSN Smoothing SH 4p 28z	LBL B SV KRTN INFSN SmootE SH 4p 28z	1
LBL B SV KRTN INFSN Smoothing SH 4p 28z	LBL B SV KRTN INFSN  SH 4p 28z	0
LBL B SV Men 3n1 Citrus Rush 28z	LBL B SV MenS 3n1 Citrus Rush 28z	1
LBL B SV Men 3n1 Citrus Rush 28z	LBL B SV WOMen 3n1 Citrus Rush 28z	0
LBL B SV Moroccan INF Shine CD 6p 12.6z	LBL B SV Moroccan INF  CD 6p 12.6z	1
LBL B SV Moroccan INF Shine CD 6p 12.6z	LBL B SV  Shine CD 6p 12.6z	0
LBL B SV MRCN Infusion Shine SH 4p 28z	LBL B SV MRCN  SH 4p 28z	1
LBL B SV MRCN Infusion Shine SH 4p 28z	LBL B SV  Shine SH 4p 28z	0
LBL B SV SH Almond Shea 6p 12.6z	LBL B SV SH Almond  6p 12.6z	1
LBL B SV SH Almond Shea 6p 12.6z	LBL B SV SH  6p 12.6z	0
LBL B SV SH Biotin Infusion 6p 12.6z	LBL B SV SH Biotin  6p 12.6z	1
LBL B SV SH Biotin Infusion 6p 12.6z	LBL B SV SH  6p 12.6z	0
LBL B SV SH Coconut Oil 6p 40z	LBL B SV SH Coconut  6p 40z	1
LBL B SV SH Coconut Oil 6p 40z	LBL B SV SH Oil 6p 40z	0
LBL B SV SH ESS 2n1 ALMD Verbena 6p 30z	LBL B SV SH  ALMondD Verbena 6p 30z	1
LBL B SV SH ESS 2n1 ALMD Verbena 6p 30z	LBL B SV SH ESS  Verbena 6p 30z	0
LBL B SV SH ESS OCEAN BREEZE 6p 30z	LBL B SV SH ESS OCEAN BREEZE  30z	1
LBL B SV SH ESS OCEAN BREEZE 6p 30z	LBL B SV SH ESS OCEAN BREEZE	0
LBL B SV SH ESS Strawberry 12z	LBL B SV SH ESS StrawbERY 12z	1
LBL B SV SH ESS Strawberry 12z	LBL B SV SH ESS BLUEberry 12z	0
LBL B SV SH Honey Infusion 6p 12.6z	LBL B SV SH Honey  6p 12.6z	1
LBL B SV SH Honey Infusion 6p 12.6z	LBL B SV SH  6p 12.6z	0
LBL B SV SH Keratin Color 4p 28z	LBL B SV SH Keratin Color 4p	1
LBL B SV SH Keratin Color 4p 28z	LBL B SV SH Keratin Color	0
LBL B SV SH Men 2n1 OCN Chrg 28z	LBL B SV SH Men 2n1 OCN Chrg 29Z	1
LBL B SV SH Men 2n1 OCN Chrg 28z	LBL B SV SH  OCN Chrg 28z	0
LBL B SV SH Rosemary Mint 6p 12.6z	LBL B SV  Rosemary Mint 6p 12.6z	1
LBL B SV SH Rosemary Mint 6p 12.6z	LBL B SV SH  Mint 6p 12.6z	0
LBL F DFM IS ADV PR Adventure 2.7z	LBL F DFM IS ADV  Adventure 2.7z	1
LBL F DFM IS ADV PR Adventure 2.7z	LBL F DFM IS ADV PR  2.7z	0
LBL F DFM IS ADV PR Cool Rush 2.7z	LBL F DFM IS  PR Cool Rush 2.7z	1
LBL F DFM IS ADV PR Cool Rush 2.7z	LBL ADV PR Cool Rush 2.7z	0
LBL F DFM IS ADV PR Overtime 2.7z	LBL F DFM IS ADV PR Overtime 2.7oz	1
LBL F DFM IS ADV PR Overtime 2.7z	LBL F DFM IS ADV PR Overtime 27z	0
LBL F DFM IS Cool Rush 2.7z	LBL F DFM IS Cool  2.7z	1
LBL F DFM IS Cool Rush 2.7z	LBL F DFM IS  2.7z	0
LBL F DFM IS UC BLK+WHT FRSH 2.7z	LBL F DFM IS UC BLK+WHT FRESH 2.7z 	1
LBL F DFM IS UC BLK+WHT FRSH 2.7z	LBL F DFM IS UC BLK+WHT  2.7z	0
LBL F Dove BW DM 354ml Ocean	LBL F Dove BW  354ml Ocean	1
LBL F Dove BW DM 354ml Ocean	LBL F Dove 354ml Ocean	0
LBL F Dove BW REVIVE 34z Ocean	LBL F Dove BW  34z Ocean	1
LBL F Dove BW REVIVE 34z Ocean	LBL F Dove 34z Ocean	0
LBL F Dove BW REVIVE 354ml Ocean	LBL F Dove BW REVIVE 0.354L Ocean	1
LBL F Dove BW REVIVE 354ml Ocean	LBL F Dove BW REVIVE 300ml Ocean	0
LBL F Dove BW SS 354ml Ocean	LBL F Dove BW SS 354ml Ocean	1
LBL F Dove BW SS 354ml Ocean	LBL F Dove  SS 354ml Ocean	0
LBL F Dove BW SWT CRM + PNY 354ml Ocean	LBL F Dove BW SWT CREAM + PNY 354ml Ocean	1
LBL F Dove BW SWT CRM + PNY 354ml Ocean	LBL F Dove BW SWT  + PNY 354ml Ocean	0
LBL F SV 2n1 Kids CWBNGA CCNT 6p 22.5z	LBL F SV 2n1 Kid CWBNGA CCNT 6p 22.5z	1
LBL F SV 2n1 Kids CWBNGA CCNT 6p 22.5z	LBL F SV 2n1  CWBNGA CCNT 6p 22.5z	0
LBL F SV 2n1 REGULAR PLUS 28z HOLOGRAM	LBL F SV 2n1 REGULAR PLUS 2z HOLOGRAM	1
LBL F SV 2n1 REGULAR PLUS 28z HOLOGRAM	LBL F SV  REGULAR PLUS  HOLOGRAM	0
LBL F SV CD AVO + Olive Oil 4p 28z	LBL F SV CD AVO + Olive Oil 4p 30z	1
LBL F SV CD AVO + Olive Oil 4p 28z	LBL F SV CD AVO + Olive Oil 4p 	0
LBL F SV CD AVOCADO + OILVE OIL 28Z	LBL F SV  AVOCADO + OILVE OIL 28Z	1
LBL F SV CD AVOCADO + OILVE OIL 28Z	LBL F  AVOCADO + OILVE OIL 28Z	0
LBL F SV CD AVOCADO + OLIVE OIL 12.6z	LBL F SV CD AVOCADO + OLIVE OIL 13z	1
LBL F SV CD AVOCADO + OLIVE OIL 12.6z	LBL F SV CD AVOCADO + OLIVE OIL 	0
LBL F SV CD Cafe+Chia INFSN 12.6z	LBL F SV  Cafe+Chia INFSN 12.6oz	1
LBL F SV CD Cafe+Chia INFSN 12.6z	LBL F SV CD Cafe+Chia  12.6z	0
LBL F SV CD Coconut Oil 6p/4p 40z	LBL F SV C Coconut Oil 6p/4p 40z	1
LBL F SV CD Coconut Oil 6p/4p 40z	LBL CD Coconut Oil 6p/4p 40z	0
LBL F SV CD ESS Tropical Coconut 6p 30z	LBL F SV CD ESS Tropical Coconut oil 6p 30z	1
LBL F SV CD ESS Tropical Coconut 6p 30z	LBL F SV CD ESS Tropical Cater oil 6p 30z	0
LBL F SV CD Kids Apple DTNGLR 6p 10z	LBL F SV CD Kids Apple  DTNGLR 6p 10z	1
LBL F SV CD Kids Apple DTNGLR 6p 10z	LBL F SV CD Kids Apple 6p 10z	0
LBL F SV KDS DSNY SurfsUp 3n1 6p 28z PMP	LBL F SV KDS  SurfsUp 3n1 6p 28z PMP	1
LBL F SV KDS DSNY SurfsUp 3n1 6p 28z PMP	LBL F SV KDS DSNY  3n1 6p 28z PMP	0
LBL F SV Keratin INF Color CD 6p 12.6z	LBL F SV  Color CD 6p 12.6z	1
LBL F SV Keratin INF Color CD 6p 12.6z	LBL F  INF Color CD 6p 12.6z	0
LBL F SV Keratin INF Color SH 6p 12.6z	LBL F  INF Color SH 6p 12.6z	1
LBL F SV Keratin INF Color SH 6p 12.6z	LBL F SV  Color SH 6p 12.6z	0
LBL F SV Keratin INF Smooth CD 6p 12.6z	LBL F SV Keratin  Smooth CD 6p 12.6z	1
LBL F SV Keratin INF Smooth CD 6p 12.6z	LBL F  INF Smooth CD 6p 12.6z	0
LBL F SV Keratin INF Smooth SH 6p 12.6z	LBL F SV Keratin INF Smooth SH 6p 12.6z	1
LBL F SV Keratin INF Smooth SH 6p 12.6z	LBL F SV Keratin INF Smooth CD 6p 12.6z	0
LBL F SV Kids 2N1 DNSY ICY GRP 4p 28z	LBL F SV Kids  DNSY ICY GRP 4p 28z	1
LBL F SV Kids 2N1 DNSY ICY GRP 4p 28z	LBL F SV  DNSY ICY GRP 4p 28z	0
LBL F SV KIDS 3N1 APPLE MARVL 4P 28Z PMP	LBL F SV KIDS  APPLE MARVL 4P 28Z PMP	1
LBL F SV KIDS 3N1 APPLE MARVL 4P 28Z PMP	LBL F SV KIDS 3N1  MARVL 4P 28Z PMP	0
LBL F SV Kids 3n1 DSNY CCNUT 4p 28z Pump	LBL F SV Kids 3n1 DSNY COCONUT 4p 28z Pump	1
LBL F SV Kids 3n1 DSNY CCNUT 4p 28z Pump	LBL F SV Kids 3n1  CCNUT 4p 28z Pump	0
LBL F SV Kids 3n1 Melon 6p 22.5z	LBL F SV Kids 3n1 WATERMelon 6p 22.5z	1
LBL F SV Kids 3n1 Melon 6p 22.5z	LBL F SV Kids 3n1  6p 22.5z	0
LBL F SV Kids 3N1 Watermelon 4p 40z Pump	LBL F SV Kids 3N1 Watermelon 4p 40z 	1
LBL F SV Kids 3N1 Watermelon 4p 40z Pump	LBL F SV Kids 3N1  4p 40z Pump	0
LBL F SV Kids DSNY STRW 2n1 6p 28z Pump	LBL F SV Kids DSNY  2n1 6p 28z Pump	1
LBL F SV Kids DSNY STRW 2n1 6p 28z Pump	LBL F SV Kids DSNY  2n1 6p 28z Pump	0
LBL F SV Kids Purely fun 3n1 4p 28oz PMP	LBL F SV Kids Purely fun 3n1 4p 28oz 	1
LBL F SV Kids Purely fun 3n1 4p 28oz PMP	LBL F SV Kids Purely fun 3n1 PMP	0
LBL F SV Kids SWRL DTNGLR Disney 6p 10z	LBL F SV Kids SWRL  Disney 6p 10z	1
LBL F SV Kids SWRL DTNGLR Disney 6p 10z	LBL F SV Kids SWRL DTN Dis 6p 10z	0
LBL F SV KRTN INFSN Smoothing SH 4p 28z	LBL F SV KRTN INFSN Smoothi SH 4p 28z	1
LBL F SV KRTN INFSN Smoothing SH 4p 28z	LBL F SV KRTN INFSN  SH 4p 28z	0
LBL F SV Men 3n1 Citrus Rush 28z	LBL F SV Men 3n1 Citrs Rush 28z	1
LBL F SV Men 3n1 Citrus Rush 28z	LBL F SV Men 3n1  Rush 28z	0
LBL F SV Moroccan INF Shine CD 6p 12.6z	LBL F SV  INF Shine CD 6p 12.6z	1
LBL F SV Moroccan INF Shine CD 6p 12.6z	LBL F SV Moroccan INF Shine CD 6p 12.6z	0
LBL F SV MRCN Infusion Shine SH 4p 28z	LBL F SV MRCN Infusion  SH 4p 28z	1
LBL F SV MRCN Infusion Shine SH 4p 28z	LBL F SV MRCN 4p 28z	0
LBL F SV SH ALMOND PARABEN FREE 12.6z	LBL F SV SH ALMOND PARABEN FREE 13z	1
LBL F SV SH ALMOND PARABEN FREE 12.6z	LBL F SV SHPARABEN FREE 12.6z	0
LBL F SV SH Biotin Infusion 6p 12.6z	LBL F SV SH Biotin Infusion 12.6z	1
LBL F SV SH Biotin Infusion 6p 12.6z	LBL F SV SH Biotin  12.6z	0
LBL F SV SH Coconut Oil 6p/4p 40z	LBL F SV SH Coconut  6p/4p 40z	1
LBL F SV SH Coconut Oil 6p/4p 40z	LBL F SV SH mustard Oil 6p/4p 40z	0
LBL F SV SH ESS 2n1 ALMD Verbena 6p 30z	LBL F SV SH 2n1 ALMD Verbena 6p 30z	1
LBL F SV SH ESS 2n1 ALMD Verbena 6p 30z	LBL F SV SH ESS  Verbena 6p 30z	0
LBL F SV SH ESS Ocean Breeze 6p 30z	LBL F SV SH ESS  Breeze 6p 30z	1
LBL F SV SH ESS Ocean Breeze 6p 30z	LBL F SV SH ESS Ocean  6p 30z	0
LBL F SV SH Honey Infusion 6p 12.6z	LBL F SV SH Honey Infusion 6p	1
LBL F SV SH Honey Infusion 6p 12.6z	LBL F SV SH Honey  6p 12.6z	0
LBL F SV SH Keratin Color 4p 28z	LBL F SV SH Keratin Color  28z	1
LBL F SV SH Keratin Color 4p 28z	LBL F SV SH  Color 4p 28z	0
LBL F SV SH Men 2n1 OCN Chrg 28z	LBL F SV SH Men 2n1 OCN  28z	1
LBL F SV SH Men 2n1 OCN Chrg 28z	LBL F SV SH Men 2n1  28z	0
LBL WA DV POLISH POM AND SHEA 10.5z	LBL WA DV POLISH POM AND SHEA 11z	1
LBL WA DV POLISH POM AND SHEA 10.5z	LBL WA DV POLISH POM AND SHEA 15z	0
LBL-B Axe 2n1 Apollo 12z	LBL-B Axe 2n1 apolo 12z	1
LBL-B Axe 2n1 Apollo 12z	LBL 2n1 Apollo 12z	0
LBL-B Axe 3n1 SH/CD/BW Total Fresh 12z	LBL-B Axe 3n1 SH/CD/BW Fresh 12z	1
LBL-B Axe 3n1 SH/CD/BW Total Fresh 12z	LBL-B Axe 3n1 SH/CD/BW Total Fresh	0
LBL-B Axe Armour AD 2n1 355mL	LBL-B Axe Armour AD  355mL	1
LBL-B Axe Armour AD 2n1 355mL	LBL-B Axe Armour  355mL	0
LBL-B AXE BW 16z Apollo	LBL-B AXE BW 15z Apollo	1
LBL-B AXE BW 16z Apollo	LBL-B AXE 16z Apollo	0
LBL-B AXE BW 16z Black	LBL-B AXE B 16z Black	1
LBL-B AXE BW 16z Black	LBL-B AXE  16z Black	0
LBL-B AXE BW 16z ISLAND	LBL-B  BW 16z ISLAND	1
LBL-B AXE BW 16z ISLAND	LBL-B AXE BW 16z 	0
LBL-B AXE BW 16z Phoenix	LBL-B AXE BW 14z Phoenix	1
LBL-B AXE BW 16z Phoenix	LBL-B AXE BW  Phoenix	0
LBL-B Axe Fresh DS GLD TMPTTN 85g RVLTN	LBL-B Axe Fresh DS GOLD TMPTTN 85g RVLTN	1
LBL-B Axe Fresh DS GLD TMPTTN 85g RVLTN	LBL-B Axe Fresh  GLD TMPTTN 85g RVLTN	0
LBL-B Axe IS Gold 2.7z Quantum	LBL-B Axe IS Gold 2.7z Quant	1
LBL-B Axe IS Gold 2.7z Quantum	LBL-B Axe IS Gold 2.7z	0
LBL-B Axe IS Night 2.7z Quantum	LBL-B Axe IS Night 2.7z Quant	1
LBL-B Axe IS Night 2.7z Quantum	LBL-B Axe IS Night  	0
LBL-B Axe IS Oud Wood + Dark Vanilla 76g	LBL-B Axe IS Oud Wood + Dark Vanilla 0.076kg	1
LBL-B Axe IS Oud Wood + Dark Vanilla 76g	LBL-B Axe IS Oud Wood + Dark Vanilla 	0
LBL-B Axe IS Oud Wood+Dark Vanilla 2.7z	LBL-B Axe IS  Wood+Dark Vanilla 2.7z	1
LBL-B Axe IS Oud Wood+Dark Vanilla 2.7z	LBL-B Axe  Wood+Dark Vanilla 2.7z	0
LBL-B Axe IS Signature Night 2.7z	LBL-B Axe IS Signature Night 3z	1
LBL-B Axe IS Signature Night 2.7z	LBL-B Axe IS Signature Night 	0
LBL-B Axe IS Signature Night 76g	LBL-B Axe IS Signature  76g	1
LBL-B Axe IS Signature Night 76g	LBL-B Axe IS  Night 76g	0
LBL-B AXE SA 2.64z Paste MSSY LK	LBL-B AX SA 2.64z Past MSSY LK	1
LBL-B AXE SA 2.64z Paste MSSY LK	LBL-B AXE SA 2.64z MSSY LK	0
LBL-B Axe SH Peace 12z	LBL-B Axe Peace 12z	1
LBL-B Axe SH Peace 12z	LBL-B Axe SH  12z	0
LBL-B Axe SH Peace 355ml	LBL-B Axe SH Peac 355ml	1
LBL-B Axe SH Peace 355ml	LBL-B Axe SH  355ml	0
LBL-B Axe SH Total Fresh 3n1 355ml	LBL-B Axe SH Total Frsh 3n1 355ml	1
LBL-B Axe SH Total Fresh 3n1 355ml	LBL-B Axe SH  3n1 355ml	0
LBL-B Axe SH Urban Thckening 12z/355ml	LBL-B Axe SH Urban  12z/355ml	1
LBL-B Axe SH Urban Thckening 12z/355ml	LBL-B Axe SH  Thckening 12z/355ml	0
LBL-B Axe SH/CD Phoenix 2n1 22z	LBL-B Axe SH Phoenix 2n1 22z	1
LBL-B Axe SH/CD Phoenix 2n1 22z	LBL-B Axe  Phoenix 2n1 22z	0
LBL-B CRS BW 18z Evenly Gorgeous FX	LBL-B CRS BW 18z Evenly Gorgeous	1
LBL-B CRS BW 18z Evenly Gorgeous FX	LBL-B CRS BW 18z Evenly  FX	0
LBL-B CRS BW 18z Tahitian Renewal	LBL-B CRS BW Tahitian Renewal	1
LBL-B CRS BW 18z Tahitian Renewal	LBL-B 18z Tahitian Renewal	0
LBL-B CRS BW 3z Daily Silk	LBL-B BW 3z Daily Silk	1
LBL-B CRS BW 3z Daily Silk	LBL-B CRS Daily Silk	0
LBL-B CRS BW 3z Evenly Gorgeous	LBL-B CRS BW 3.4z Evenly Gorgeous	1
LBL-B CRS BW 3z Evenly Gorgeous	LBL-B CRS  Evenly Gorgeous	0
LBL-B CRS BW Daily Silk 12z	 CRS BW Daily Silk 12z	1
LBL-B CRS BW Daily Silk 12z	LBL BW Daily Silk 12z	0
LBL-B CRS BW Daily Silk 18z	LBL-B CRS BW Daily Silk 	1
LBL-B CRS BW Daily Silk 18z	LBL-B CRS BW Daily 	0
LBL-B DFM IS 2.7oz Cool Rush	LBL-B  2.7oz Cool Rush	1
LBL-B DFM IS 2.7oz Cool Rush	LBL-B DFM IS  Rush	0
LBL-B DFM IS 76g Cool Comfort No UPC	LBL-B DFM IS 76g  Comfort No UPC	1
LBL-B DFM IS 76g Cool Comfort No UPC	LBL-B DFM IS 76g Cool Comfort 	0
LBL-B DFM IS ADV PR 2.7z Extreme Blast	LBL-B DFM IS  PR 2.7z Extreme Blast	1
LBL-B DFM IS ADV PR 2.7z Extreme Blast	LBL-B  ADV PR 2.7z Extreme Blast	0
LBL-B DFM IS MS 2.7oz Overtime	LBL-B DFM IS  2.7oz Overtime	1
LBL-B DFM IS MS 2.7oz Overtime	LBL-B DFM  2.7oz Overtime	0
LBL-B DFM IS MS 2.7z Sport Defense REV	LBL-B DFM IS MS 2.7z Sport Defense	1
LBL-B DFM IS MS 2.7z Sport Defense REV	LBL-B DFM IS MS 2.7z Sport 	0
LBL-B DFM IS UC 2.7z B+W Driftwood	LBL-B DFM IS UC 2.7z B+W Driftwod	1
LBL-B DFM IS UC 2.7z B+W Driftwood	LBL-B DFM IS UC 2.7z B+W 	0
LBL-B DFW IS 2.6z Shower Clean	LBL-B DFW IS  Shower Clean	1
LBL-B DFW IS 2.6z Shower Clean	LBL-B DFW  Shower Clean	0
LBL-B DFW IS MS 2.6oz Daisy Fresh	LBL-B DFW  2.6oz Daisy Fresh	1
LBL-B DFW IS MS 2.6oz Daisy Fresh	LBL-B DFW 2.6oz Daisy Fresh	0
LBL-B DFW IS MS 2.6oz Fresh Energy	LBL-B DFW IS MS 2.6z Fresh Energy	1
LBL-B DFW IS MS 2.6oz Fresh Energy	LBL-B DFW IS MS 3oz Fresh Energy	0
LBL-B DFW IS MS 2.6oz Sexy Intrigue	LBL-B IS MS 2.6oz Sexy Intrigue	1
LBL-B DFW IS MS 2.6oz Sexy Intrigue	LBL-B DFW IS MS 2.6oz Sexy Intrigue	0
LBL-B DFW IS MS 2.6oz Stress Control	LBL-B DFW  MS 2.6oz Stress Control	1
LBL-B DFW IS MS 2.6oz Stress Control	LBL-B DFW  2.6oz Stress Control	0
LBL-B DFW IS MS 2.6z Active Shield	LBL-B DFW  MS 2.6z Active Shield	1
LBL-B DFW IS MS 2.6z Active Shield	LBL-B DFW  2.6z Active Shield	0
LBL-B DFW IS MTNSNS 48g Fresh Energy	LBL-B DFW IS MTNSNS 50g Fresh Energy	1
LBL-B DFW IS MTNSNS 48g Fresh Energy	LBL-B DFW IS MTNSNS  Fresh Energy	0
LBL-B DFW IS MTNSNS 48g Tropical Rush	LBL-B DFW IS MTNS 48g Tropical Rush	1
LBL-B DFW IS MTNSNS 48g Tropical Rush	LBL-B DFW IS  48g Tropical Rush	0
LBL-B DFW IS UC 2.6oz B+W Pure Rain	LBL-B DFW IS UC 3oz B+W Pure Rain	1
LBL-B DFW IS UC 2.6oz B+W Pure Rain	LBL-B DFW IS UC .6oz B+W Pure Rain	0
LBL-B DFW IS UC 48g B+W Pure Rain	LBL-B DFW IS UC 48g B Pure Rain	1
LBL-B DFW IS UC 48g B+W Pure Rain	LBL-B DFW IS UC 48g  Pure Rain	0
LBL-B DMC DS 3oz Clean Comfort	LBL-B DMC DS 3oz Clean Comfo	1
LBL-B DMC DS 3oz Clean Comfort	LBL-B DMC DS 3oz  Comfort	0
LBL-B DMC DS 3oz Cool Silver	LBL-B DMC  3oz Cool Silver	1
LBL-B DMC DS 3oz Cool Silver	LBL-B DMC  Cool Silver	0
LBL-B DMC DS 3oz Extra Fresh	LBL-B DM DS 3oz Extra Fresh	1
LBL-B DMC DS 3oz Extra Fresh	LBL-B  DS 3oz Extra Fresh	0
LBL-B DMC DS 85g Clean Comfort	LBL-B DMC DS 86g Clean Comfort	1
LBL-B DMC DS 85g Clean Comfort	LBL-B DMC DS 90g Clean Comfort	0
LBL-B DMC DS 85g Extra Fresh	LBL-B DMC DS 85g Additional freshness	1
LBL-B DMC DS 85g Extra Fresh	LBL-B DMC DS 85g Extra cool	0
LBL-B DMC IS 2.7oz Clean Comfort	LBL-B DMC IS 2.7oz pure Comfort	1
LBL-B DMC IS 2.7oz Clean Comfort	LBL-B DMC IS 2.7oz  Comfort	0
LBL-B DMC IS 2.7oz Cool Fresh	LBL-B DMC IS 2.7oz child Fresh	1
LBL-B DMC IS 2.7oz Cool Fresh	LBL-B DMC IS 2.7oz warml Fresh	0
LBL-B DMC IS 2.7oz Extra Fresh	LBL-B DMC IS 2.7z Extra Fresh	1
LBL-B DMC IS 2.7oz Extra Fresh	LBL-B DMC IS 2.7kg Extra Fresh	0
LBL-B DMC IS 2.7oz STAIN DEFENSE FRESH	LBL-B DMC IS 2.7oz STAIN DEFE FRESH	1
LBL-B DMC IS 2.7oz STAIN DEFENSE FRESH	LBL-B DMC IS 2.7oz STAIN  FRESH	0
LBL-B DMC IS 2.7oz STAIN DFNSE CLEAN	LBL-B DMC IS 2.7oz STAIN DFNSE CLEAN	1
LBL-B DMC IS 2.7oz STAIN DFNSE CLEAN	LBL-B DMC IS 2.7oz STAIN DFNSE CLEAN	0
LBL-B DMC IS 76g Clean Comfort	LBL-B DMC IS 77g Clean Comfort	1
LBL-B DMC IS 76g Clean Comfort	LBL-B DMC IS 7g Clean Comfort	0
LBL-B DMC IS Elements MNRL+Sage 2.7z	LBL-B DMC IS Element MNRL+Sage 2.8z	1
LBL-B DMC IS Elements MNRL+Sage 2.7z	LBL-B DMC  Elements MNRL+Sage 4z	0
LBL-B DMC IS Elements MNRL+Sage 76g	LBL-B DMC  Elements MNRL+Sage 76g	1
LBL-B DMC IS Elements MNRL+Sage 76g	LBL-B Elements MNRL+Sage 76g	0
LBL-B DMC IS Elements MNRL+SDLWD 2.7z	LBL-B DMC IS Elements MN+SDLWD 2.7z	1
LBL-B DMC IS Elements MNRL+SDLWD 2.7z	LBL-B DMC  MNRL+SDLWD 2.7z	0
LBL-B Dove ADV Lavender Fresh 2.6z	LBL-B Dove  Lavender Fresh 2.6z	1
LBL-B Dove ADV Lavender Fresh 2.6z	LBL-B  ADV Lavender Fresh 2.6z	0
LBL-B Dove AP Powder 2.6z	LBL-B Dove  Powder 2.6z	1
LBL-B Dove AP Powder 2.6z	LBL-B Powder 2.6z	0
LBL-B Dove Baby TTT RM 13z	LBL-B Dove Baby TT RM 14z	1
LBL-B Dove Baby TTT RM 13z	LBL-B Dove Baby T RM 1z	0
LBL-B Dove Baby TTT SM 13z	LBL-B Dove kids TTT SM 13z	1
LBL-B Dove Baby TTT SM 13z	LBL-B Dove men TTT SM 13z	0
LBL-B Dove Baby TTT SM 20z	LBL-B Dove kid TTT SM 20z	1
LBL-B Dove Baby TTT SM 20z	LBL-B Dove women TTT SM 20z	0
LBL-B Dove CL TONE Sheer Touch 2.6z	LBL-B Dove  TONE Sheer Touch 2.6z	1
LBL-B Dove CL TONE Sheer Touch 2.6z	LBL-B Dove  Sheer Touch 2.6z	0
LBL-B Dove CL TONE Skin Renew 2.6z	LBL-B Dove CL TONE Skin Rene 2.6z	1
LBL-B Dove CL TONE Skin Renew 2.6z	LBL-B Dove CL TONE Skin  2.6z	0
LBL-B Dove IS Fresh 2.6z	LBL-B Dove  Fresh 2.6z	1
LBL-B Dove IS Fresh 2.6z	LBL-B Dove IS  2.6z	0
LBL-B Dove Sheer Cool 2.6z	LBL-B Dove Sheer Chill 2.6z	1
LBL-B Dove Sheer Cool 2.6z	LBL-B Dove Sheer  2.6z	0
LBL-B Dove Sheer Fresh 2.6z	LBL-B Dove Sheer Fresh 2.6z	1
LBL-B Dove Sheer Fresh 2.6z	LBL-B Dove Sh Fresh 2.6z	0
LBL-B DV AP 2.6z Caring Coconut	LBL-B DV AP 2.6z Caring Coconut oil	1
LBL-B DV AP 2.6z Caring Coconut	LBL-B DV AP 2.6z Caring mustard	0
LBL-B DV AP 2.6z Pink Rosa	LBL-B DV AP 2.6z  Rosa	1
LBL-B DV AP 2.6z Pink Rosa	LBL-B DV AP 2.6z red Rosa	0
LBL-B DV AP 74g Cool Essentials	LBL-B DV AP 74g Cool Essential	1
LBL-B DV AP 74g Cool Essentials	LBL-B DV AP 74g Cool neseaary	0
LBL-B DV BW 12z Deep MSTR	LBL-B DV BW 11z Deep MSTR	1
LBL-B DV BW 12z Deep MSTR	LBL-B DV BW  Deep MSTR	0
LBL-B DV BW 13.5z Clean Comfort	LBL-B DV BW 13.5z Clean Comfort	1
LBL-B DV BW 13.5z Clean Comfort	LBL-B DV BW 13.5z Clean Comfort	0
LBL-B DV BW 18z Extra Fresh	LBL-B DV BW 18z additional Fresh	1
LBL-B DV BW 18z Extra Fresh	LBL-B DV BW 18z  Fresh	0
LBL-B DV BW 22z Deep MSTR	LBL-B DV  22z Deep MSTR	1
LBL-B DV BW 22z Deep MSTR	LBL-B  22z Deep MSTR	0
LBL-B DV BW 22z Revive	LBL-B DV BW 22z Revives	1
LBL-B DV BW 22z Revive	LBL-B DV BW 22z Rejovanate	0
LBL-B DV BW 22z Shea BTTR	LBL-B DV BW 22z Shea Butter	1
LBL-B DV BW 22z Shea BTTR	LBL-B DV BW 22z Shea 	0
LBL-B DV BW 400ml Mens Deep Clean	LBL-B DV BW 401ml Mens Deep Clean	1
LBL-B DV BW 400ml Mens Deep Clean	LBL-B DV BW 300ml Mens Deep Clean	0
LBL-B DV CD 12z Color Care	LBL-B DV CD 12z Colour Care	1
LBL-B DV CD 12z Color Care	LBL-B DV CD 12z Collor Care	0
LBL-B DV CD 12z Dryness+Itch Relief	LBL-B DVA CD 12z Dryness+Itch Relief	1
LBL-B DV CD 12z Dryness+Itch Relief	LBL-B DV EZXCY 12z Dryness+Itch Relief	0
LBL-B DV CD 12z OXYGN MSTR	LBL-B DV CD 12z OXYGEN MSTR	1
LBL-B DV CD 12z OXYGN MSTR	LBL-B DV CD 12z  MSTR	0
LBL-B DV CD 20.4z Anti-Frizz Oil	LBL-B DV CD 20.4z Anti-Frizz Oils	1
LBL-B DV CD 20.4z Anti-Frizz Oil	LBL-B DV CD 20.4z Anti-Frizz shampoo	0
LBL-B DV CD 20.4z Daily Moisture	LBL-B DV CD 20.4z Daily 10% Moisture	1
LBL-B DV CD 20.4z Daily Moisture	LBL-B DV CD  Daily Moisture	0
LBL-B DV CD 20.4z Intensive Repair	LBL-B DV CD 20.4z Intensive Repair	1
LBL-B DV CD 20.4z Intensive Repair	LBL-B DV CD 20.4z Intensive Maintenance	0
LBL-B DV CD Daily Moisture 40z	LBL-B DV CD Daily Moisture 40.2z	1
LBL-B DV CD Daily Moisture 40z	LBL-B DV CD Daily Moisture 4z	0
LBL-B DV CD Fortifying Ritual 12z	LBL-B DV CD Fortifying Ritual 12oz	1
LBL-B DV CD Fortifying Ritual 12z	LBL-B DV CD Fortifying Ritual 12kg	0
LBL-B DV LTN 13.5oz CRM Oil Shea Butter	LBL-B DV LT 13.5oz CRM Oil Shea Butter	1
LBL-B DV LTN 13.5oz CRM Oil Shea Butter	LBL-B DV  13.5oz CRM Oil Shea Butter	0
LBL-B DV M 2n1 Fresh Clean 12z	LBL-B DV M  Fresh Clean 12z	1
LBL-B DV M 2n1 Fresh Clean 12z	LBL-B DV M 31 Fresh Clean 12z	0
LBL-B DV M 2n1 Thick to Strong 12z	LBL-B DV M 2n1 dense to Strong 12z	1
LBL-B DV M 2n1 Thick to Strong 12z	LBL-B DV M 2n1  to Strong 12z	0
LBL-B DV M SH 2n1 Fresh Clean 20.4z	LBL-B DV M SH 2n1 Fresh  20.4z	1
LBL-B DV M SH 2n1 Fresh Clean 20.4z	LBL-B DV M SH 2n1 Fresh dirty 20.4z	0
LBL-B DV SH 12z Color Care	LBL-B DV SH 12z Color Care product	1
LBL-B DV SH 12z Color Care	LBL-B DV SH 12z Color Care programme	0
LBL-B DV SH 12z Daily Moisture	LBL-B DV SH 12z Daily Moisture for men	1
LBL-B DV SH 12z Daily Moisture	LBL-B DV SH 12z Daily Moisture for dogs	0
LBL-B DV SH 12z Intensive Repair	LBL-B DV SH 12z Intensive Repair	1
LBL-B DV SH 12z Intensive Repair	LBL-B DV SH 12z Intensive Repair	0
LBL-B DV SH 12z Invigorating Mint	LBL-B DV SH 12z Invigorating Mint leaves	1
LBL-B DV SH 12z Invigorating Mint	LBL-B DV SH 12z Invigorating Mint paper	0
LBL-B DV SH 20.4z Daily Moisture	LBL-B DV SH 20.4z Daily Moisture 2n1	1
LBL-B DV SH 20.4z Daily Moisture	LBL-B DV SH 20.4z Daily Moisture 4n1	0
LBL-B DV SH 20.4z Daily Moisture 2n1	LBL-B DV SH 20.4z Daily Moisture 	1
LBL-B DV SH 20.4z Daily Moisture 2n1	LBL-B DV SH 20.4z Daily Moistu	0
LBL-B DV SH 355ml OXYGN MSTR	LBL-B DV SH 356ml OXYGN MSTR	1
LBL-B DV SH 355ml OXYGN MSTR	LBL-B DV SH  OXYGN MSTR	0
LBL-B DV SH M 2n1 Charcoal 12z	LBL-B DV SH M 2n1 Charcoal 12z 	1
LBL-B DV SH M 2n1 Charcoal 12z	LBL-B DV SH M 2n1 Charcoal 12kg	0
LBL-B DV SH Purify & Strength 20.4z	LBL-B DV SH Purify & Strength 21.4z	1
LBL-B DV SH Purify & Strength 20.4z	LBL-B DV SH Purify & Strength 2.4z	0
LBL-B DV SH Smoothing Ritual 12z	LBL-B DV SH Smoothe Ritual 12z	1
LBL-B DV SH Smoothing Ritual 12z	LBL-B DV SH silky Ritual 12z	0
LBL-B DV SH Thick to Strong 355ml	LBL-B DV  Thick to Strong 355ml	1
LBL-B DV SH Thick to Strong 355ml	LBL-B  Thick to Strong 355ml	0
LBL-B PNDS CC 190mL	LBL-B PNDS CC 190mL extra 	1
LBL-B PNDS CC 190mL	LBL-B PNDS CC 190mL extra smooth	0
LBL-B PNDS CC Cleanser 9.5z	LBL-B PNDS CC Cleanser 9.5oz	1
LBL-B PNDS CC Cleanser 9.5z	LBL-B PNDS CC Cleanser 9.5ml	0
LBL-B PNDS CC Dry Skin Cream 10.1z	LBL-B PNDS CC  Skin Cream 10.1z	1
LBL-B PNDS CC Dry Skin Cream 10.1z	LBL-B PNDS CC rough Skin Cream 10.1z	0
LBL-B PNDS CLNSNG CRM Cucumber 10.1z	LBL-B PNDS CLEASING CRM Cucumber 10.1z	1
LBL-B PNDS CLNSNG CRM Cucumber 10.1z	LBL-B PNDS  CRM Cucumber 10.1z	0
LBL-B SI BW INDULGENT COCONUT 13.5z	LBL-B SI BW INDULGENT COCONUT  13.5z	1
LBL-B SI BW INDULGENT COCONUT 13.5z	LBL-B SI BW INDULGENT COCONUT Oil 13.5z	0
LBL-B STIV LTN 600mL 24HR MOIST	LBL-B STIV LTN 600mL 24HR MOISTure	1
LBL-B STIV LTN 600mL 24HR MOIST	LBL-B STIV LTN 600mL 2HR MOIST driness	0
LBL-B STIV LTN RENEWING COLL ELAST 21z	LBL-B STIV LTN RENEWING COLL ELAST 21.0z	1
LBL-B STIV LTN RENEWING COLL ELAST 21z	LBL-B STIV LTN RENEWING COLL ELAST 21	0
LBL-B STIV LTN SOOTHING OAT SH 21z	LBL-B STIV LTN SOOTHING OATS SH 21z	1
LBL-B STIV LTN SOOTHING OAT SH 21z	LBL-B STIV LTN SOOTHING pomegranate SH 21z	0
LBL-B SUA AP IS 1.4z Sweet Pea & VLT	LBL-B SUA AP IS 1.4z Sweet Pea & VLT	1
LBL-B SUA AP IS 1.4z Sweet Pea & VLT	LBL-B SUA AP IS 1.4z Sweet Pea & VLT 21z	0
LBL-B SUA AP IS 1.4z TRPCL Coconut	LBL-B SUA AP IS 1.4z TRPCL Coconut oil	1
LBL-B SUA AP IS 1.4z TRPCL Coconut	LBL-B SUA AP IS 1.4z TRPCL Coconut fruit 12kg	0
LBL-B SUA AP IS 2.6z Fresh	LBL-B SUA AP  2.6z Fresh	1
LBL-B SUA AP IS 2.6z Fresh	LBL-B  IS 2.6z Fresh	0
LBL-B SUA AP IS 2.6z Powder	LBL-B SUA AP IS 2.8z Powder	1
LBL-B SUA AP IS 2.6z Powder	LBL-B SUA AP IS 3z Powder	0
LBL-B SUA AP IS 2.6z TRPCL Coconut	LBL-B SUA A IS 2.6z TRPCL Coconut	1
LBL-B SUA AP IS 2.6z TRPCL Coconut	LBL-B  IS 2.6z TRPCL Coconut	0
LBL-B SUA BW 12/15z Cocoa Butter Shea	LBL-B SUA BW 12 15z Cocoa Butter Shea	1
LBL-B SUA BW 12/15z Cocoa Butter Shea	LBL-B SUA BW 12z Cocoa Butter Shea	0
LBL-B SUA BW 12/15z Milk+Honey Splash	LBL-B SUA BW 12 15z Milk Honey Splash	1
LBL-B SUA BW 12/15z Milk+Honey Splash	LBL-B SUA BW  Milk+Honey Splash	0
LBL-B SUA BW 12/15z Rainforest Fresh	LBL-B SUA AP BW 12/15z Rainforest Fresh	1
LBL-B SUA BW 12/15z Rainforest Fresh	LBL-B SUA  12/15z Rainforest Fresh	0
LBL-B SUA BW 12/15z Sweet Pea+VLT	LBL-B SUA BWL 12/15z Sweet Pea+VLT 	1
LBL-B SUA BW 12/15z Sweet Pea+VLT	LBL-B SUA  12/15z Sweet Pea+VLT	0
LBL-B SUA BW 12/15z Wild Cherry Blssm	LBL-B SUA BW 12/15z Wild Cherry Blssm fresh	1
LBL-B SUA BW 12/15z Wild Cherry Blssm	LBL-B SUA BW 12/15z Wild Cherry 	0
LBL-B SUA BW 12z Sweet Pea+VLT	LBL-B SUA BW 12z Sweet Pea+VLTPO	1
LBL-B SUA BW 12z Sweet Pea+VLT	LBL-B SUA BW 12z Sweet Pea	0
LBL-B SUA BW ESS Ocean Breeze 15z	LBL-B SUA BW ESS Ocean Breeze 14z	1
LBL-B SUA BW ESS Ocean Breeze 15z	LBL-B SUA BW ESS Ocean Breeze 1z	0
LBL-B SUA BW Mens 2in1 Hair+Body 15z	LBL-B SUA BW Men 2in1 Hair+Body 15z	1
LBL-B SUA BW Mens 2in1 Hair+Body 15z	LBL-B SUA BW womens 2in1 Hair+Body 15z	0
LBL-B SUA BW Mens Sport 15z	LBL-B SUA BW Mens Sport 15z free	1
LBL-B SUA BW Mens Sport 15z	LBL-B SUA BW Mens Sport 	0
LBL-B SUA CD 28z KRTN SMTHNG	LBL-B SUA CD 28z KRTN SMOOTHING	1
LBL-B SUA CD 28z KRTN SMTHNG	LBL-B SUA CD 28z KRTN 	0
LBL-B SUA ESS BW  6p 12/15z AMTH Sunset	LBL-B SUA ESS BW  12/15z AMTH Sunset	1
LBL-B SUA ESS BW  6p 12/15z AMTH Sunset	LBL-B SUA ESS BW   12/15z AMTH Sunset	0
LBL-B SUA LTN 32z ADVNCD THERAPY	LBL-B SUA LTN 32oz ADVNCD THERAPY	1
LBL-B SUA LTN 32z ADVNCD THERAPY	LBL-B SUA LTN  ADVNCD THERAPY	0
LBL-B SUA SH 12.6z PRF ALMND SH BTTR	LBL-B SUA SH 12.6z PRF ALMOND SH BTTR	1
LBL-B SUA SH 12.6z PRF ALMND SH BTTR	LBL-B SUA  12.6z PRF ALMND SH BTTR	0
LBL-B SUA SH 28z REG PLUS	LBL-B SUA SH 28z REG PLUS	1
LBL-B SUA SH 28z REG PLUS	LBL-B SUA SH 30z REG PLUS	0
LBL-B SUA SH 28z wPump ALMND SH BTTR	LBL-B SUA SH 28z wPump ALMND SHEA BTTR	1
LBL-B SUA SH 28z wPump ALMND SH BTTR	LBL-B SUA SH 28z wPump ALMND  BTTR	0
LBL-B SV CD Kids Apple DNTGLR	LBL-B SV CD Kids Apple DNTGLR	1
LBL-B SV CD Kids Apple DNTGLR	LBL-B SV CD  Apple DNTGLR	0
LBL-B TRES 22z CD KER SMTH	LBL-B TRES 22z CD KER SMTH	1
LBL-B TRES 22z CD KER SMTH	LBL-B TRES 22z CD KER SMTH	0
LBL-B TRES 236mL KER SMTH Heat Pro Spray	LBL-B TRES 237mL KER SMTH Heat Pro Spray	1
LBL-B TRES 236mL KER SMTH Heat Pro Spray	LBL-B TRES  KER SMTH Heat Pro Spray	0
LBL-B TRES 236ml Tamer STY SPRY TH-CR HT	LBL-B TRES 236ml Tamer STY SPRY THCR HT	1
LBL-B TRES 236ml Tamer STY SPRY TH-CR HT	LBL-B TRES 236ml Tamer STY SPRY  HT	0
LBL-B TRES 24HR BODY HLTY VLM CD 28z	LBL-B TRES 24HR BODY HLTY VLM CD 	1
LBL-B TRES 24HR BODY HLTY VLM CD 28z	LBL-B TRES 24HR BODY HLTY VLM 	0
LBL-B TRES 24HR BODY HLTY VLM SH 28z	LBL-B TRES 24HR BODY HLTY VLM SH 28z 10%	1
LBL-B TRES 24HR BODY HLTY VLM SH 28z	LBL-B TRES 24HR BODY HLTY VLM SH 28z 123%	0
LBL-B TRES 25z CD KER Smooth	LBL-B TRES 25z CD KER Smoothe	1
LBL-B TRES 25z CD KER Smooth	LBL-B TRES 25z CD KER	0
LBL-B TRES 25z SH BTY Full VOL	LBL-B TRES 25z SH BTY Full VOLUME	1
LBL-B TRES 25z SH BTY Full VOL	LBL-B TRES 25z SH BTY  VOL	0
LBL-B TRES 39z CD Flawless Curls	LBL-B TRES 39z CD Flawless Curls CD	1
LBL-B TRES 39z CD Flawless Curls	LBL-B TRES 39z CD Flawless Curls travel	0
LBL-B TRES 39z CD MOIST RICH	LBL-B TRES  CD MOIST RICH 	1
LBL-B TRES 39z CD MOIST RICH	LBL-B TRES  MOIST RICH	0
LBL-B TRES 39z SH Flawless Curls	LBL-B TRES 39z  Flawless Curls	1
LBL-B TRES 39z SH Flawless Curls	LBL-B TRES  Flawless Curls	0
LBL-B TRES 8z TMR Spray TH-CR Heat	LBL-B TRES  TMR Spray TH-CR Heat	1
LBL-B TRES 8z TMR Spray TH-CR Heat	LBL-B TRES 8z TMR Spray TH-CR	0
LBL-B TRES CD 28z MOIST RICH	LBL-B TRES CD 28oz MOIST RICH 	1
LBL-B TRES CD 28z MOIST RICH	LBL-B TRES CD  MOIST RICH	0
LBL-B TRES CD 28z SMOOTH SLKY	LBL-B TRES CD 28z SMOOTH SLKY	1
LBL-B TRES CD 28z SMOOTH SLKY	LBL-B TRES CD 28z SMOOTH SLKY	0
LBL-B TRES SH 24HR HLTHY VOL w/ PUMP 39z	LBL-B TRES SH 24HR HLTHY VOL  PUMP 39z	1
LBL-B TRES SH 24HR HLTHY VOL w/ PUMP 39z	LBL-B TRES SH 24HR HLTHY  PUMP 39z	0
LBL-B TRES SH 28z  FLCRL CRL MSTR	LBL-B TRES SH   FLCRL CRL MSTR	1
LBL-B TRES SH 28z  FLCRL CRL MSTR	LBL-B TRES   FLCRL CRL MSTR	0
LBL-B TRES SH 28z Deep Cleansing	LBL-B TRES SH 28z Deep Clean	1
LBL-B TRES SH 28z Deep Cleansing	LBL-B TRES SH 28z Deep	0
LBL-B TRES SH 28z Moisture Rich	LBL-B TRE SH 28z Moisture Rich	1
LBL-B TRES SH 28z Moisture Rich	LBL-B  SH 28z Moisture Rich	0
LBL-B TRES SH 28z Smooth SLKY	LBL-B TRES SH 28z Smooth SILKY	1
LBL-B TRES SH 28z Smooth SLKY	LBL-B TRES SH  Smooth SLKY	0
LBL-B VAS LTN 10z Cocoa RDNT	LBL-B VAS LTN 10oz Cocoa RDNT	1
LBL-B VAS LTN 10z Cocoa RDNT	LBL-B VAS LTN  Cocoa RDNT	0
LBL-B VAS LTN 10z ESSNTL HLNG	LBL-B VAS LTN 10z ESSENTIAL HLNG	1
LBL-B VAS LTN 10z ESSNTL HLNG	LBL-B VAS LTN 10z  HLNG	0
LBL-B VAS LTN 10z Mens EX STRNGTH	LBL-B VAS LTN 10z Mens EX STRNGTH	1
LBL-B VAS LTN 10z Mens EX STRNGTH	LBL-B VAS LTN 10z Mens EX STRNGTH	0
LBL-B VAS LTN 20.3z Aloe Soothe	LBL-B VAS LTN 20.3z Aloe Soothe 10oz	1
LBL-B VAS LTN 20.3z Aloe Soothe	LBL-B VAS LTN 20.3z Aloe Soothe 100z	0
LBL-B VAS LTN 20.3z Cocoa RDNT	LBL-B VAS LTN 20.3z Cocoa RDNT TUX	1
LBL-B VAS LTN 20.3z Cocoa RDNT	LBL-B VAS LTN 20.3z Cocoa RDNT 123%	0
LBL-B VAS LTN 20.3z ESSNTL HLNG	LBL-B VAS LTN 21z ESSNTL HLNG	1
LBL-B VAS LTN 20.3z ESSNTL HLNG	LBL-B VAS LTN 23z ESSNTL HLNG	0
LBL-B VAS LTN 20.3z Fast ABSRBNG	LBL-B VAS LTN 20.3z Fast ABSRBNG	1
LBL-B VAS LTN 20.3z Fast ABSRBNG	LBL-B VAS LTN 20.3z Fast ABSRBNG	0
LBL-B VAS LTN 24.5z Aloe Soothe	LBL-B VAS LTN 25z Aloe Soothe	1
LBL-B VAS LTN 24.5z Aloe Soothe	LBL-B VAS LTN  Aloe Soothe	0
LBL-B VAS LTN 600mL Aloe Vera	LBL-B VAS LTN 600mL Aloe Vera gel	1
LBL-B VAS LTN 600mL Aloe Vera	LBL-B VAS LTN 600mL Aloe Vera shampoo	0
LBL-B VICL ADV Repair Unscented 20.3oz	LBL-B VICL ADV Repair Unscent 20.3oz	1
LBL-B VICL ADV Repair Unscented 20.3oz	LBL-B VICL ADV Repair 20.3oz	0
LBL-B VPJ 1.75z	LBL-B VPJ 1.75z Cocoa Butter	1
LBL-B VPJ 1.75z	LBL-B VPJ 1.75z butter	0
LBL-B VPJ 1.75z Cocoa Butter	LBL-B VPJ 1.75z Cocoa 	1
LBL-B VPJ 1.75z Cocoa Butter	LBL-B VPJ 1.75z Coco Butter	0
LBL-B VPJ 100g CDN	LBL-B VPJ 100g CDN 12%	1
LBL-B VPJ 100g CDN	LBL-B VPJ 100g CDN lop	0
LBL-B VPJ 13z	LBL-B VPJ 12oz	1
LBL-B VPJ 13z	LBL-B VPJ 	0
LBL-B VPJ 13z Nursery	LBL-B CD VPJ 13z Nursery	1
LBL-B VPJ 13z Nursery	LBL-B VPJ 13z Nursery 10CD	0
LBL-B VPJ 220ml CRMY	LBL-B VPJ 0.220L CRMY	1
LBL-B VPJ 220ml CRMY	LBL-B VPJ 22ml CRMY	0
LBL-B VPJ 50g MEX	LBL-B VPJ 50g  MEX RD	1
LBL-B VPJ 50g MEX	LBL-B VPJ 50g MEX HTOP	0
LBL-B VPJ 7.5z	LBL-B VPJ 7.5z asc	1
LBL-B VPJ 7.5z	LBL-B VPJ 	0
LBL-Bottom Axe Styling Paste 2.64z/75g	LBL-Bottom Ax Styling Paste 2.64oz/75g	1
LBL-Bottom Axe Styling Paste 2.64z/75g	LBL-Bottom Styling Paste 2.6z/75g	0
LBL-Bottom Axe Styling Putty 2.64z/75g	LBL-Bottom Axe Styling Putty 2.64z/75g awe	1
LBL-Bottom Axe Styling Putty 2.64z/75g	LBL-Bottom Axe Styling Putty 2.64z/75g lopi	0
LBL-Bottom Axe Understated CRM 2.64z/75g	LBL-Bottom  Understated CRM 2.64z/75g	1
LBL-Bottom Axe Understated CRM 2.64z/75g	LBL-Bottom Understated CRM 2.64z	0
LBL-F AXE BW 16z Apollo	LBL-F AXE BW 15z Apollo 	1
LBL-F AXE BW 16z Apollo	LBL-F AXE BW  Apollo	0
LBL-F AXE BW 16z Black	LBL AXE BW 16z Black	1
LBL-F AXE BW 16z Black	LB  AXE BW 16z Black	0
LBL-F AXE BW 16z ISLAND	LBL-F AX BW 16z ISLAND	1
LBL-F AXE BW 16z ISLAND	LBL-F AX BW 16z ISLAND	0
LBL-F AXE BW 16z NIGHT	LBL-F AXE CD BW 16z NIGHT	1
LBL-F AXE BW 16z NIGHT	LBL-F AXE  16z NIGHT	0
LBL-F AXE BW 16z Phoenix	LBL-F AXE BW 16z Phoenix ACD	1
LBL-F AXE BW 16z Phoenix	LBL-F AXE BW 16z 	0
LBL-F Axe IS Gold 2.7z Quantum	LBL-F Axe IS Gold 2.7oz Quantum	1
LBL-F Axe IS Gold 2.7z Quantum	LBL-F Axe IS Gold 3z Quantum	0
LBL-F Axe IS Night 2.7z Quantum	LBL-F Axe  Night 2.7z Quantum	1
LBL-F Axe IS Night 2.7z Quantum	LBL-F Ax Night 2.7z Quantum	0
LBL-F Axe IS Oud Wood + Dark Vanilla 76g	LBL-F Axe IS Oud Wood + Vanilla 76g	1
LBL-F Axe IS Oud Wood + Dark Vanilla 76g	LBL-F Axe IS Oud Wood + Dark 76g	0
LBL-F Axe IS Oud Wood+Dark Vanilla 2.7z	LBL-F  IS Oud Wood+Dark Vanilla 2.7z	1
LBL-F Axe IS Oud Wood+Dark Vanilla 2.7z	LBL-F  Oud Wood+Dark Vanilla 2.7z	0
LBL-F Axe IS Signature Night 76g	LBL-F Axe IS Signature Night 76g	1
LBL-F Axe IS Signature Night 76g	LBL-F Axe IS Signature day 76g	0
LBL-F CRS BW 18z Tahitian Renewal	LBL-F CRS  18z Tahitian Renewal	1
LBL-F CRS BW 18z Tahitian Renewal	LBL-F CRS  Tahitian Renewal	0
LBL-F CRS BW 3z Daily Silk	LBL-F CRS BW 3z Daily Silk smoothe	1
LBL-F CRS BW 3z Daily Silk	LBL-F CRS BW 3z Daily Silk white	0
LBL-F CRS BW 3z Evenly Gorgeous	LBL-F CRS BW  Evenly Gorgeous	1
LBL-F CRS BW 3z Evenly Gorgeous	LBL-F CRS  Evenly Gorgeous	0
LBL-F CRS BW Daily Silk 12z	LBL-F CR BW Daily Silk 12z	1
LBL-F CRS BW Daily Silk 12z	LBL-F  BW Daily Silk 12z	0
LBL-F CRS BW Daily Silk 18z	LBL-F  BW Daily Silk 18z	1
LBL-F CRS BW Daily Silk 18z	LBL BW Daily Silk 18z	0
LBL-F CRS BW Evenly Gorgeous 18z	LBL-F CRS BW Evenly Gorgeous 17z	1
LBL-F CRS BW Evenly Gorgeous 18z	LBL-F CRS BW Evenly Gorgeous 1z	0
LBL-F DFM IS 2.7oz Extreme Blast	LBL-F DFM IS 2.7oz Extreem Blast	1
LBL-F DFM IS 2.7oz Extreme Blast	LBL-F DFM IS 2.7oz  Blast	0
LBL-F DFM IS 76g Cool Comfort	LBL-F DFM  76g Cool Comfort	1
LBL-F DFM IS 76g Cool Comfort	LBL-F 76g Cool Comfort	0
LBL-F DFM IS ADV PR 2.7z SPRT DFNS	LBL-F DFM IS  PR 2.7z SPRT DFNS	1
LBL-F DFM IS ADV PR 2.7z SPRT DFNS	LBL-F DFM V PR 2.7z SPRT DFNS	0
LBL-F DFM IS MS 2.7z Black + White	LBL-F DFM IS MS 3z Black + White	1
LBL-F DFM IS MS 2.7z Black + White	LBL-F DFM IR 2.7z Black + White	0
LBL-F DFM IS UC 2.7z B+W Driftwood	LBL-F DFM IS UCI 2.7z B+W Driftwood	1
LBL-F DFM IS UC 2.7z B+W Driftwood	LBL-F DFM IS  2.7z B+W Driftwood	0
LBL-F DFW IS 2.6z Shower Clean	LBL-F DFW IS 2.7z Shower Clean	1
LBL-F DFW IS 2.6z Shower Clean	LBL-F DFW IS 2z Shower Clean	0
LBL-F DFW IS MS 2.6oz Daisy Fresh	LBL-F DFW  MS 2.6oz Daisy Fresh	1
LBL-F DFW IS MS 2.6oz Daisy Fresh	LBL-F DFW  2.6oz Daisy Fresh	0
LBL-F DFW IS MS 2.6oz Fresh Energy	LBL-F DFW IS MS 3oz Fresh Energy	1
LBL-F DFW IS MS 2.6oz Fresh Energy	LBL-F DFW IS MS 26oz Fresh Energy	0
LBL-F DFW IS MS 2.6oz Sexy Intrigue	LBL-F DFW IS MS 2.6oz Secy Intrigue	1
LBL-F DFW IS MS 2.6oz Sexy Intrigue	LBL-F DFW IS MS 2.6oz  Intrigue	0
LBL-F DFW IS MS 2.6oz Shower Clean	LBL-F DFW IS MS 2.75oz Shower Clean	1
LBL-F DFW IS MS 2.6oz Shower Clean	LBL-F DFW IS 26oz Shower Clean	0
LBL-F DFW IS MS 2.6oz Stress Control	LBL-F DFW  MS 2.6oz Stress Control	1
LBL-F DFW IS MS 2.6oz Stress Control	LBL-F IS MS 2.6oz Stress Control	0
LBL-F DFW IS MS 2.6z Active Shield	LBL-F DFW IS MS 2.6z Active Shield warrior	1
LBL-F DFW IS MS 2.6z Active Shield	LBL-F DFW IS MS 2.6z Active Shampoo	0
LBL-F DFW IS MS Black + White 2.6z	LBL-F DFW  MS Black + White 2.6z	1
LBL-F DFW IS MS Black + White 2.6z	LBL-F DFW Black + White 2.6z	0
LBL-F DFW IS MTNSNS 48g Fresh Energy	LBL-F DFW IS MTNSNS 49g Fresh Energy	1
LBL-F DFW IS MTNSNS 48g Fresh Energy	LBL-F DFW IS MTNSNS 7g Fresh Energy	0
LBL-F DFW IS MTNSNS 48g Tropical Rush	LBL-F DFW  MTNSNS 48g Tropical Rush	1
LBL-F DFW IS MTNSNS 48g Tropical Rush	LBL-F DF MTNSNS 48g Tropical Rush	0
LBL-F DFW IS UC 2.6oz B+W Pure Rain	LBL-F DFW IS UC 2.6oz B+W Pure 	1
LBL-F DFW IS UC 2.6oz B+W Pure Rain	LBL-F DFW IS UC 2.6oz B+W 	0
LBL-F DFW IS UC 2.6oz Pure Clean	LBL-F DFW IS  2.6oz Pure Clean	1
LBL-F DFW IS UC 2.6oz Pure Clean	LBL-F DFW  2.6oz Pure Clean	0
LBL-F DFW IS UC 48g B+W Pure Rain	LBL-F DFW IS UC 49g B+W Pure Rain	1
LBL-F DFW IS UC 48g B+W Pure Rain	LBL-F DFW IS U 48 B+W Pure Rain	0
LBL-F DMC BW 13.5z Cool FRSH RM NW CL CH	LBL-F DMC BW 13.5z ol FRSH RM NW CL CH	1
LBL-F DMC BW 13.5z Cool FRSH RM NW CL CH	LBL-F DMC BW 13.5z  FRSH RM NW CL CH	0
LBL-F DMC BW 18z Cool FRSH RM NW CLR CH	LBL-F DMC BW 18z Cool FRSH RM  CLR CH	1
LBL-F DMC BW 18z Cool FRSH RM NW CLR CH	LBL-F DMC BW 18z Cool FRSH RM NW CLH	0
LBL-F DMC BW 400ml Cool Fresh	LBL-F DMC BW 400ml Cool Freshness	1
LBL-F DMC BW 400ml Cool Fresh	LBL-F DMC BW 400ml Cool 	0
LBL-F DMC DS 3oz Clean Comfort	LBL-F DMC DS 3oz Clean Comfort +fresh	1
LBL-F DMC DS 3oz Clean Comfort	LBL-F DMC DS 3oz Clean	0
LBL-F DMC DS 3oz Cool Silver	LBL-F DMC DS 3.2oz Cool Silver	1
LBL-F DMC DS 3oz Cool Silver	LBL-F DMC DS oz Cool Silver	0
LBL-F DMC DS 3oz Extra Fresh	LBL-F DMC  3oz Extra Fresh	1
LBL-F DMC DS 3oz Extra Fresh	LBL-F  DS 3oz Extra Fresh	0
LBL-F DMC DS 85g Clean Comfort	LBL-F DMC DS 85g Clean air Comfort	1
LBL-F DMC DS 85g Clean Comfort	LBL-F DMC DS 85g Comfort	0
LBL-F DMC DS 85g Extra Fresh	LBL-F DMC  85g Extra Fresh	1
LBL-F DMC DS 85g Extra Fresh	LBL-F  DS 85g Extra Fresh	0
LBL-F DMC IS 2.7oz Clean Comfort	LBL-F DM IS 2.7oz Clean Comfort	1
LBL-F DMC IS 2.7oz Clean Comfort	LBL-F C IS 2.7oz Clean Comfort	0
LBL-F DMC IS 2.7oz Cool Fresh	LBL-F DMC  2.7oz Cool Fresh	1
LBL-F DMC IS 2.7oz Cool Fresh	LBL-F  IS 2.7oz Cool Fresh	0
LBL-F DMC IS 2.7oz Extra Fresh	F DMC IS 2.7oz Extra Fresh	1
LBL-F DMC IS 2.7oz Extra Fresh	MC IS 2.7oz Extra Fresh	0
LBL-F DMC IS 2.7oz STAIN DEFENSE FRESH	LBL-F DMC IS 2.7oz ST DEFENSE FRESH	1
LBL-F DMC IS 2.7oz STAIN DEFENSE FRESH	LBL-F 2.7oz STAIN DEFENSE FRESH	0
LBL-F DMC IS 2.7oz STAIN DFNSE CLEAN	LBL-F DMC IS 2.7z STAIN DFNSE CLEAN	1
LBL-F DMC IS 2.7oz STAIN DFNSE CLEAN	LBL-F DMC IS 2z STAIN DFNSE CLEAN	0
LBL-F DMC IS 76g Clean Comfort	LBL-F DMC  76g Clean Comfort	1
LBL-F DMC IS 76g Clean Comfort	LBL-F  76g Clean Comfort	0
LBL-F DMC IS Elements MNRL+Sage 2.7z	LBL-F DMC  Elements MNRL+Sage 2.7z	1
LBL-F DMC IS Elements MNRL+Sage 2.7z	LBL-F  IS Elements MNRL+Sage 2.7z	0
LBL-F DMC IS Elements MNRL+Sage 76g	LBL-F DMC IS Elements RL+Sage 76g	1
LBL-F DMC IS Elements MNRL+Sage 76g	LBL-F DMC IS Elements Sage 76g	0
LBL-F DMC IS Elements MNRL+SDLWD 2.7z	LBL-F DMC IS  MNRL+SDLWD 2.7z	1
LBL-F DMC IS Elements MNRL+SDLWD 2.7z	LBL-F DMC  MNRL+SDLWD 2.7z	0
LBL-F Dove ADV CLR TN PNK Rosa 2.6z	LBL-F Dove ADV  TN PNK Rosa 2.6z	1
LBL-F Dove ADV CLR TN PNK Rosa 2.6z	LBL-F Dove ADV CLR TN PNK Rosa 2.6z	0
LBL-F Dove ADV CLR TN SKN Renew 2.6z	LBL-F Dove ADV CLR TN SKN Renew 2.5z	1
LBL-F Dove ADV CLR TN SKN Renew 2.6z	LBL-F Dove ADV CLR TN SKN Renew 2z	0
LBL-F Dove ADV Lavender	LBL-F Dove ADV Lavende	1
LBL-F Dove ADV Lavender	LBL-F Dove ADV 	0
LBL-F Dove ADV Original Clean 2.6z	LBL-F Dove Original Clean 2.6z	1
LBL-F Dove ADV Original Clean 2.6z	LBL-F  ADV Original Clean 2.6z	0
LBL-F Dove Baby TTT RM 13z	LBL-F Dove Baby  RM 13z	1
LBL-F Dove Baby TTT RM 13z	LBL-F  Baby TTT RM 13z	0
LBL-F Dove Baby TTT SM 20z	 Dove Baby TTT SM 20z	1
LBL-F Dove Baby TTT SM 20z	LBL-F  TTT SM 20z	0
LBL-F Dove CL TONE Sheer Touch 2.6z	LBL-F Dove CL TONE  Touch 2.6z	1
LBL-F Dove CL TONE Sheer Touch 2.6z	LBL-F Dove  Sheer Touch 2.6z	0
LBL-F Dove GF Cool Essentials 2.6z	LBL-F Dove  Cool Essentials 2.6z	1
LBL-F Dove GF Cool Essentials 2.6z	LBL-F Dove GF  Essentials 2.6z	0
LBL-F Dove GF Revive 2.6z	LBL-F Dove GF Revived 2.6z	1
LBL-F Dove GF Revive 2.6z	LBL-F Dove  Revive 2.6z	0
LBL-F Dove Sheer Cool 2.6z	LBL-D Dove Sheer Cool 2.6z	1
LBL-F Dove Sheer Cool 2.6z	LBL- Dov Sheer Cool 2.6z	0
LBL-F Dove Sheer Fresh 2.6z	LBL-F Dove Sheer Fresh 2.6oz	1
LBL-F Dove Sheer Fresh 2.6z	LBL-F Do Sheer Fresh 2.6z	0
LBL-F DV 2n1 Mens Fresh Clean 25.4oz	LBL-F DV 2n1 Men Fresh Clean 25.4oz	1
LBL-F DV 2n1 Mens Fresh Clean 25.4oz	LBL-F DV 2n1 kids Fresh Clean 25.4oz	0
LBL-F DV 2N1 SH 25.4z Daily Moisture	LBL-F DV 2N1 VVH 25.4z Daily Moisture	1
LBL-F DV 2N1 SH 25.4z Daily Moisture	LBL-F DV  SH 25.4z Daily Moisture	0
LBL-F DV AP 2.6z Caring Coconut	LBL-F DV  2.6z Caring Coconut	1
LBL-F DV AP 2.6z Caring Coconut	LBL-F DV  2.6z Caring Coconut	0
LBL-F DV AP 2.6z Fresh	LBL-F  AP 2.6z Fresh	1
LBL-F DV AP 2.6z Fresh	LBL-F DV AP 2z Fresh	0
LBL-F DV AP 2.6z Powder	LBL-F DV A 2.6z Powder	1
LBL-F DV AP 2.6z Powder	LBL-F DV AP 2.6z Poder	0
LBL-F DV AP 74g Cool Essentials	LBL-F DV AP 74g Col Essentials	1
LBL-F DV AP 74g Cool Essentials	LBL-F DV AP 74g  Essentials	0
LBL-F DV AP ADV GF Restore 2.6z	LBL-F DV  ADV GF Restore 2.6z	1
LBL-F DV AP ADV GF Restore 2.6z	LBL-F DV AP  GF Restore 2.6z	0
LBL-F DV BW 18z Extra Fresh	LBL-F DV BW 17z Extra Fresh	1
LBL-F DV BW 18z Extra Fresh	LBL-F DV BW  Extra Fresh	0
LBL-F DV BW 22z Deep MSTR	LBL-F DV BW 22z Deep STR	1
LBL-F DV BW 22z Deep MSTR	LBL-F DV BW 22z Deep	0
LBL-F DV BW 22z Revive	LBL-F DV BW 23z Revive	1
LBL-F DV BW 22z Revive	LBL-F DV B 2z Revive	0
LBL-F DV BW 22z RSTR	LBL-F  BW 22z RSTR	1
LBL-F DV BW 22z RSTR	LBL-F DV W 22z RSTR	0
LBL-F DV BW 22z RVTLZ	LBL-F DV BW 22z RVTZ	1
LBL-F DV BW 22z RVTLZ	LBL-F DV B 22z RVTLZ	0
LBL-F DV BW 24z Cool MSTR WIP	LBL-F DV BW 2z Cool MSTR WIP	1
LBL-F DV BW 24z Cool MSTR WIP	LBL-F DV BW 24z Cool MSTR	0
LBL-F DV BW 24z Deep MSTR DERM SEAL	LBL-F DV BW 24z Deep MTR DERM SEAL	1
LBL-F DV BW 24z Deep MSTR DERM SEAL	LBL-F DV BW 24z Deep  DERM SEAL	0
LBL-F DV BW 24z SNSTV Skin DERM SEAL	LBL-F DV  24z SNSTV Skin DERM SEAL	1
LBL-F DV BW 24z SNSTV Skin DERM SEAL	LBL-F  24z SNSTV Skin DERM SEAL	0
LBL-F DV BW 24z WIP CCNT Milk+JSMNE	LBL-F DV BW 24z  CCNT Milk+JSMNE	1
LBL-F DV BW 24z WIP CCNT Milk+JSMNE	LBL-F DV  WIP CCNT Milk+JSMNE	0
LBL-F DV BW 24z WNTR Care LTD EDTN WIP	LBL-F DV  WNTR Care LTD EDTN WIP	1
LBL-F DV BW 24z WNTR Care LTD EDTN WIP	LBL-F  24z WNTR Care LTD EDTN WIP	0
LBL-F DV BW Dry Oil Moisture 24z	LBL-F DV  Dry Oil Moisture 24z	1
LBL-F DV BW Dry Oil Moisture 24z	LBL-F DV BW Dry  Moisture 24z	0
LBL-F DV BW GF Rejuvenate 24z	LBL-F DV BW  Rejuvenate 24z	1
LBL-F DV BW GF Rejuvenate 24z	LBL-F DV  Rejuvenate 24z	0
LBL-F DV BW Sweet Cream + Peony 22z	LBL-F DV BW  Cream + Peony 22z	1
LBL-F DV BW Sweet Cream + Peony 22z	LBL-F  Sweet Cream + Peony 22z	0
LBL-F DV BW Sweet Cream + Peony 24z	LBL-F DV BW Sweet Cream  24z	1
LBL-F DV BW Sweet Cream + Peony 24z	LBL-F DV Sweet Cream + Peony 24z	0
LBL-F DV CD 12z Dryness+Itch Relief	LBL-F DV CD 11z Dryness+Itch Relief	1
LBL-F DV CD 12z Dryness+Itch Relief	LBL-F DV CD 1z Dryness+Itch Relief	0
LBL-F DV CD 12z OXYGN MSTR	LBL-F DV CD 12z XYGN MSTR	1
LBL-F DV CD 12z OXYGN MSTR	LBL-F DV CD 12z  MSTR	0
LBL-F DV CD 20.4z Anti-Frizz Oil	LBL-F CD 20.4z Anti-Frizz Oil	1
LBL-F DV CD 20.4z Anti-Frizz Oil	LBL-F  CD 20.4z Anti-Frizz Oil	0
LBL-F DV CD 20.4z Daily Moisture	LBL-F  CD 20.4z Daily Moisture	1
LBL-F DV CD 20.4z Daily Moisture	LBL-F DV CD 20.4z  Moisture	0
LBL-F DV CD 20.4z Intensive Repair	LBL-F DV CD 20z Intensive Repair	1
LBL-F DV CD 20.4z Intensive Repair	LBL-F DV CD  Intensive Repair	0
LBL-F DV CD Advanced Moisture 40z	LBL-F  CD Advanced Moisture 40z	1
LBL-F DV CD Advanced Moisture 40z	DV CD Advanced Moisture 40z	0
LBL-F DV CD Dryness+Itch Relief 355ml	LBL-F DV  Dryness+Itch Relief 355ml	1
LBL-F DV CD Dryness+Itch Relief 355ml	DV CD Dryness+Itch Relief 355ml	0
LBL-F DV CD Purify & Strength 20.4z	LBL-F DV CD Purify & Strength 21.4z	1
LBL-F DV CD Purify & Strength 20.4z	LBL-F DV CD Purify & Strength 2z	0
LBL-F DV CD Revival 25.4oz	LBL-F  CD Revival 25.4oz	1
LBL-F DV CD Revival 25.4oz	LBL-F DV  Revival 25.4oz	0
LBL-F DV CD Soothing Moisture 12z	LBL-F DV  Soothing Moisture 12z	1
LBL-F DV CD Soothing Moisture 12z	LBL-F DV CD  Moisture 12z	0
LBL-F DV M 2n1 Fresh Clean 12z	LBL-F DV M Fresh Clean 12z	1
LBL-F DV M 2n1 Fresh Clean 12z	LBL-F DV  Fresh Clean 12z	0
LBL-F DV M SH 2n1 Fresh Clean 20.4z	LBL-F DV M SH 2n1 Fresh Clean air 20.4z	1
LBL-F DV M SH 2n1 Fresh Clean 20.4z	LBL-F DV M SH 2n1 Fresh  20.4z	0
LBL-F DV Men SH 2n1 Fresh Clean 40z	LBL-F DV Men SH  Fresh Clean 40z	1
LBL-F DV Men SH 2n1 Fresh Clean 40z	LBL-F DV Men Fresh Clean 40z	0
LBL-F DV SH 12z Daily Moisture	LBL-F DV SH  Daily Moisture	1
LBL-F DV SH 12z Daily Moisture	LBL-F DV  12z Daily Moisture	0
LBL-F DV SH 12z Dryness+Itch Relief	LBL-F DV SH 12z Dry+Itch Relief	1
LBL-F DV SH 12z Dryness+Itch Relief	LBL-F DV SH 12z Itch Relief	0
LBL-F DV SH 12z Intensive Repair	LBL-F DV  12z Intensive Repair	1
LBL-F DV SH 12z Intensive Repair	LBL-F  12z Intensive Repair	0
LBL-F DV SH 12z Invigorating Mint	LBL-F DV SH 12z Invigorating Mint leaves	1
LBL-F DV SH 12z Invigorating Mint	LBL-F DV SH 12z Invigorating	0
LBL-F DV SH 12z OXYGN MSTR	LBL-F DV SH 12z OXYGN MST	1
LBL-F DV SH 12z OXYGN MSTR	LBL-F DV SH 12z OXYGN 	0
LBL-F DV SH 355ml OXYGN MSTR	LBL DV SH 355ml OXYGN MSTR	1
LBL-F DV SH 355ml OXYGN MSTR	DV SH 355ml OXYGN MSTR	0
LBL-F DV SH Daily Moisture 25.4z Pump	LBL-F DV SH  Moisture 25.4z Pump	1
LBL-F DV SH Daily Moisture 25.4z Pump	LBL-F DV SH Daily  25.4z Pump	0
LBL-F DV SH Fortifying Ritual 355ml	LBL-F DV  Fortifying Ritual 355ml	1
LBL-F DV SH Fortifying Ritual 355ml	LBL-F DV SH  Ritual 355ml	0
LBL-F DV SH M 2n1 Charcoal 12z	LBL-F DV SH  2n1 Charcoal 12z	1
LBL-F DV SH M 2n1 Charcoal 12z	LBL-F DV SH M  Charcoal 12z	0
LBL-F PNDS CC 190mL	LBL-F PNDS CC .190L	1
LBL-F PNDS CC 190mL	LBL-F PNDS CC 	0
LBL-F PNDS CC Dry Skin Cream 10.1z	LBL-F PNDS Dry Skin Cream 10.1z	1
LBL-F PNDS CC Dry Skin Cream 10.1z	LBL-F PNDS CC Dry  Cream 10.1z	0
LBL-F SI BW INDULGENT COCONUT 13.5z	LBL-F SI  INDULGENT COCONUT 13.5z	1
LBL-F SI BW INDULGENT COCONUT 13.5z	LBL-F  BW INDULGENT COCONUT 13.5z	0
LBL-F STIV LTN RENEWING COLL ELAST 21z	LBL-F STIV  RENEWING COLL ELAST 21z	1
LBL-F STIV LTN RENEWING COLL ELAST 21z	LBL-F STIV LTN RENEWING  ELAST 21z	0
LBL-F STIV LTN RESTORING ALMOND 600ml	LBL-F STIV LTN RESTORING ALMOND 600ml 2z	1
LBL-F STIV LTN RESTORING ALMOND 600ml	LBL-F STIV LTN RESTORING ALMOND 	0
LBL-F STIV LTN SOOTHING OAT SH 21z	LBL-F STIV LTN SOOTHING OAT  21z	1
LBL-F STIV LTN SOOTHING OAT SH 21z	LBL-F STIV LTN SOOTHING  21z	0
LBL-F STIV LTN SOOTHING OAT SH 600ml	LBL-F STIV LTN SOOTHING  SH 600ml	1
LBL-F STIV LTN SOOTHING OAT SH 600ml	LBL-F STIV LTN SOOTHING  600ml	0
LBL-F SUA 28z BW Mens 2in1 Hair+Body	LBL-F SUA 27z BW Mens 2in1 Hair+Body	1
LBL-F SUA 28z BW Mens 2in1 Hair+Body	LBL-F SUA  BW Mens 2in1 Hair+Body	0
LBL-F SUA AP IS 1.4oz SWT Pea & VLT	LBL-F SUA AP  1.4oz SWT Pea & VLT	1
LBL-F SUA AP IS 1.4oz SWT Pea & VLT	LBL-F SUA  1.4oz SWT Pea & VLT	0
LBL-F SUA AP IS 1.4oz TRPCL PRDS	LBL-F SUA AP IS 1.4oz TRPCL PRDS	1
LBL-F SUA AP IS 1.4oz TRPCL PRDS	LBL-F SUA AP IS 1.4oz TRPCL PRDS	0
LBL-F SUA AP IS 2.6oz Fresh	LBL-F SUA AP  2.6oz Fresh	1
LBL-F SUA AP IS 2.6oz Fresh	LBL-F SUA AP  Fresh	0
LBL-F SUA AP IS 2.6oz Powder	LBL-F SUA AP  2.6oz Powder	1
LBL-F SUA AP IS 2.6oz Powder	LBL-F SUA AP IS  Powder	0
LBL-F SUA AP IS 2.6oz Sweet Pea & Violet	LBL-F SUA AP IS 2.6oz Sweet Pea & Violet pink	1
LBL-F SUA AP IS 2.6oz Sweet Pea & Violet	LBL-F SUA AP IS 2.6oz Sweet Pea & Violet brown	0
LBL-F SUA AP IS 2.6oz Tropical Paradise	LBL-F SUA AP IS 2.6oz Tropical Paradise last	1
LBL-F SUA AP IS 2.6oz Tropical Paradise	LBL-F SUA AP IS 2.6oz Tropical Paradise paper	0
LBL-F SUA AP IS 2.6oz WLD CHRRY BLSSM	LBL-F SUA AP IS 2.6oz WLD CHRRY BLSSM fresh	1
LBL-F SUA AP IS 2.6oz WLD CHRRY BLSSM	LBL-F SUA AP IS 2.6oz WLD CHRRY	0
LBL-F SUA BW ESS Almond Verbena 15z	LBL-F SUA  ESS Almond Verbena 15z	1
LBL-F SUA BW ESS Almond Verbena 15z	LBL-F  ESS Almond Verbena 15z	0
LBL-F SUA BW ESS Cocoa Butter Shea 15z	LBL-F SUA BW ESS Cocoa Butter Shea 15z 1kg	1
LBL-F SUA BW ESS Cocoa Butter Shea 15z	LBL-F SUA BW ESS Cocoa Butter Shea 	0
LBL-F SUA BW ESS Milk + Honey Splash 15z	LBL-F  BW ESS Milk + Honey Splash 15z	1
LBL-F SUA BW ESS Milk + Honey Splash 15z	LBL-F SUA Milk + Honey Splash 15z	0
LBL-F SUA BW ESS Sweet Pea + Violet 15z	LBL-F SUA BW ESS Sweet Pea honey + Violet 15z	1
LBL-F SUA BW ESS Sweet Pea + Violet 15z	LBL-F SUA BW ESS Sweet Pea + Violet pink kurti 15z	0
LBL-F SUA BW Mens 2 in 1 Hair+Body 15z	LBL-F SUA BW Mens 2 in 1 Hairs+Body 15z	1
LBL-F SUA BW Mens 2 in 1 Hair+Body 15z	LBL-F SUA BW Mens Body 15z	0
LBL-F SUA BW Wild Cherry Blossom 18z	LBL-F SUA BW Wild Cherry Blossom 17z	1
LBL-F SUA BW Wild Cherry Blossom 18z	LBL-F SUA  Wild Cherry Blossom 18z	0
LBL-F SUA CD 28z SLEEK	LBL-F SUA CD 28z SLEEK fit	1
LBL-F SUA CD 28z SLEEK	LBL-F SUA CD 28z 	0
LBL-F SUA LTN 32z ADVNCD THERAPY	LBL-F SUA LTN 32z ADVNCD THERAPY yoga	1
LBL-F SUA LTN 32z ADVNCD THERAPY	LBL-F SUA LTN 32z ADVNCD THERA	0
LBL-F SUA SH 28z REG PLUS	LBL-F SUA SH 28z REG PLUS bueaty	1
LBL-F SUA SH 28z REG PLUS	LBL-F SUA SH 28z REG PLUS random	0
LBL-F SUA SL Advanced Therapy 10z	LBL-F SUA SL Advanced Therapy 11z	1
LBL-F SUA SL Advanced Therapy 10z	LBL-F SUA SL Advanced Therapy 14z	0
LBL-F SV IS 2.6oz Coconut Kiss	LBL-F SV IS 2.6oz Coconut Kiss hiss	1
LBL-F SV IS 2.6oz Coconut Kiss	LBL-F SV IS 2.6oz Coconut 	0
LBL-F TRES 1.15L SH CLR REVIT W/PUMP	LBL-F TRES 1.15L SH  REVIT W/PUMP	1
LBL-F TRES 1.15L SH CLR REVIT W/PUMP	LBL-F TRES 1.15L REVIT W/PUMP	0
LBL-F TRES 1.15L SH MOIST RICH W/PUMP	LBL-F TRES 1.15L  MOIST RICH W/PUMP	1
LBL-F TRES 1.15L SH MOIST RICH W/PUMP	LBL-F TRES  MOIST RICH W/PUMP	0
LBL-F TRES 16.5z CD Pre-Wash	LBL-F TRES  CD Pre-Wash	1
LBL-F TRES 16.5z CD Pre-Wash	LBL-F TRES 16.5z Pre-Wash	0
LBL-F TRES 236mL KER SMTH Heat Pro Spray	LBL-F TRES 236mL KER SMTH Heat  Spray	1
LBL-F TRES 236mL KER SMTH Heat Pro Spray	LBL-F TRES 236mL KER SMTH Spray	0
LBL-F TRES 236mL Tamer Spray TH-CR Heat	LBL-F TRES 236mL  Spray TH-CR Heat	1
LBL-F TRES 236mL Tamer Spray TH-CR Heat	LBL-F TRES 236mL Tamer  TH-CR Heat	0
LBL-F TRES 25z CD Repair+Protect	LBL-F TRES 25z HRX CD Repair+Protect	1
LBL-F TRES 25z CD Repair+Protect	LBL-F TRES  Repair+Protect	0
LBL-F TRES 25z SH BTY Full VOL	LBL-F TRES 25z SH BTY Full 	1
LBL-F TRES 25z SH BTY Full VOL	LBL-F TRES 25z SH BTY	0
LBL-F TRES 28z CD SMOOTH SLKY	LBL-F TRES 28z CD fit SMOOTH SLKY	1
LBL-F TRES 28z CD SMOOTH SLKY	LBL-F TRES 28z SMOOTH SLKY	0
LBL-F TRES 28z SH 24HR Healthy VOL	LBL-F TRES 28z SH 24HR Healthy VOL per lit	1
LBL-F TRES 28z SH 24HR Healthy VOL	LBL-F TRES 28z SH 24HR Healthy 	0
LBL-F TRES 28z SH FLCRL CRL MOIST	LBL-F TRES 28z  FLCRL CRL MOIST	1
LBL-F TRES 28z SH FLCRL CRL MOIST	LBL-F TRES FLCRL CRL MOIST	0
LBL-F TRES 28z SH MOIST RICH	LBL-F TRES 28z SH 11% MOIST RICH	1
LBL-F TRES 28z SH MOIST RICH	LBL-F TRES  MOIST RICH	0
LBL-F TRES 28z SH SMOOTH SLKY	LBL-F TRES 28z SH SMOOTH SILKY	1
LBL-F TRES 28z SH SMOOTH SLKY	LBL-F TRES 28z SH SMOOT	0
LBL-F TRES 39z SH 24HR HEALTHY VOL	LBL-F TRES  24HR HEALTHY VOL	1
LBL-F TRES 39z SH 24HR HEALTHY VOL	LBL-F TRES 39z  HEALTHY VOL	0
LBL-F TRES 39z SH FLAWLESS CURLS W/PUMP	LBL-F TRES 39z  FLAWLESS CURLS W/PUMP	1
LBL-F TRES 39z SH FLAWLESS CURLS W/PUMP	LBL-F TRES  FLAWLESS CURLS W/PUMP	0
LBL-F TRES 739mL CD KER Smooth	LBL-F TRES 739mL KER Smooth	1
LBL-F TRES 739mL CD KER Smooth	LBL-F  739mL CD KER Smooth	0
LBL-F TRES 8z KER SMTH Heat Pro Spray	LBL-F TRES 8z KER SMTH Heat  Spray	1
LBL-F TRES 8z KER SMTH Heat Pro Spray	LBL-F TRES 8z KER SMTH Heat	0
LBL-F TRES 8z Tamer Spray TH-CR Heat	LBL-F TRES 8z Tamer  TH-CR Heat	1
LBL-F TRES 8z Tamer Spray TH-CR Heat	LBL-F TRES 8z Tamer Spra Heat	0
LBL-F TRES SH 739ml CLR REVIT	LBL-F TRES SH 739ml CLEAR REVIT	1
LBL-F TRES SH 739ml CLR REVIT	LBL-F TRES SH 739ml 12% REVIT	0
LBL-F TRES SH 739ml RNWL HR SCLP	LBL-F TRES 739ml RNWL HR SCLP	1
LBL-F TRES SH 739ml RNWL HR SCLP	LBL-F TRES  739ml RNWL HR SCLP	0
LBL-F VAS LTN 10z Cocoa RDNT No Flag	LBL-F VAS LTN 10z Cocoa RDNT  Flag	1
LBL-F VAS LTN 10z Cocoa RDNT No Flag	LBL-F VAS LTN 10z Cocoa  No Flag	0
LBL-F VAS LTN 10z ESSNTL HLNG	LBL-F VAS LTN  ESSNTL HLNG	1
LBL-F VAS LTN 10z ESSNTL HLNG	LBL-F VAS LTN  ESSNTL HLNG	0
LBL-F VAS LTN 10z Mens EX STRNGTH	LBL-F VAS LTN 10z Mens  STRNGTH	1
LBL-F VAS LTN 10z Mens EX STRNGTH	LBL-F VAS LTN 10z woMens 12oz EX STRNGTH	0
LBL-F VAS LTN 20.3z Aloe Soothe	LBL-F VAS LTN 20.3z Aloe vera Soothe	1
LBL-F VAS LTN 20.3z Aloe Soothe	LBL-F VAS LTN 20.3z Soothe	0
LBL-F VAS LTN 20.3z Cocoa RDNT No Flag	LBL-F VAS LTN 20.3z Cocoa RDNT No 	1
LBL-F VAS LTN 20.3z Cocoa RDNT No Flag	LBL-F VAS LTN 20.3z Cocoa RDNT 	0
LBL-F VAS LTN 20.3z ESSNTL HLNG	LBL-F VAS LTN 20.3z ESSNTL HLNG 10kg	1
LBL-F VAS LTN 20.3z ESSNTL HLNG	LBL-F VAS LTN 20.3z ESSNTL	0
LBL-F VAS LTN 20.3z Fast ABSRBNG	LBL-F VAS LTN 20.3z ABSRBNG	1
LBL-F VAS LTN 20.3z Fast ABSRBNG	LBL-F VAS LT Fast ABSRBNG	0
LBL-F VICL ADV Repair Unscented 20.3oz	LBL-F VICL AD Repair Unscented 20.3oz	1
LBL-F VICL ADV Repair Unscented 20.3oz	LBL ADV Repair Unscented 20.3oz	0
LBL-F VPJ 13z	LBL-F VPJ 13z 10p	1
LBL-F VPJ 13z	LBL-F VPJ 13z 2in1	0
LBL-F VPJ 215g CDN	LBL-F VPJ 215g CDN dry	1
LBL-F VPJ 215g CDN	LBL-F VPJ 215g CDN creamy	0
LBL-F VPJ 7.1 oz CRMY	LBL-F VPJ 7.1 oz CRMY	1
LBL-F VPJ 7.1 oz CRMY	LBL-F VPJ 7.1 oz CRMY	0
LBL-F VPJ 7.5z	LBL-F VPJ 7.5z Cocoa Butter	1
LBL-F VPJ 7.5z	LBL-F VPJ 7.5z cooca 10p	0
LBL-F VPJ 7.5z Cocoa Butter	LBL-F VPJ 7.5z Cocoa 	1
LBL-F VPJ 7.5z Cocoa Butter	LBL-F VPJ 7.5z Cocoa Bttr	0
LBL-Tamper Evident Dove Baby RM	LBL-Tamper Evident Dove Baby RM 2in1	1
LBL-Tamper Evident Dove Baby RM	LBL-Tamper Evident Dove Bab	0
LBL-Top Axe Classic Pomade 2.64z/75g	LBL-Top  Classic Pomade 2.64z/75g	1
LBL-Top Axe Classic Pomade 2.64z/75g	LBL-Top Ax Classi Pomade 2.64z/75g	0
LBL-Top Axe Styling Putty 2.64z/75g	LBL-Top Axe Stylin Putty 2.64z/75g	1
LBL-Top Axe Styling Putty 2.64z/75g	LBL-Top Axe Styling Putt 2.64z/75g	0
LBL-Top Axe Understated CRM 2.64z/75g	LBL-Top Axe Understate CRM 2.64z/75g	1
LBL-Top Axe Understated CRM 2.64z/75g	LBL-To Ax Understated CRM 2.64z/75g	0
LBL-VIO Axe IS 76g Core Black Line QNTM	LBL-VIO Axe IS 76g Cor Black Line QNTM	1
LBL-VIO Axe IS 76g Core Black Line QNTM	LBL-VIO Axe I 7g Core Black Line QNTM	0
LBL-VIO Axe IS Core Black Line Quantum	LBL-VIO Axe IS Core 10p Black Line Quantum	1
LBL-VIO Axe IS Core Black Line Quantum	LBL-VIO Core Black Line Quantum	0
LBL-VIO Axe IS No White Marks Gold QNTM	LBL-VIO Axe IS No Marks Gold QNTM	1
LBL-VIO Axe IS No White Marks Gold QNTM	LBL-VIO Axe White Marks Gold QNTM	0
LBL-VIO DFM IS ADV PR 2.7z Defense	LBL-VIO DFM IS ADV PR 3z Defense	1
LBL-VIO DFM IS ADV PR 2.7z Defense	LBL-VIO DFM IS ADV PR  Defense	0
LBL-VIO DFM IS ADV PR 2.7z Overtime	LBL-VIO DFM IS ADV PR 2.7z Overtime 2 night	1
LBL-VIO DFM IS ADV PR 2.7z Overtime	LBL-VIO DFM IS ADV PR 2.7	0
LBL-VIO DFM IS Cool Rush	LBL-VIO DFM IS Cool Rus	1
LBL-VIO DFM IS Cool Rush	LBL-VIO DFM I ool Rush	0
LBL-VIO DFM IS MS Black + White 3	LBL-VIO DFM IS MS Black + purple White 3	1
LBL-VIO DFM IS MS Black + White 3	LBL-VIO DFM IS M + White 3	0
LBL-VIO DFW IS 2.6z Base Generic	LBL-VIO DFW IS 2.6z Base Generic ginger	1
LBL-VIO DFW IS 2.6z Base Generic	LBL-VIO DFW IS 2.6z Base Generic black yello	0
LBL-VIO DFW IS MS 2.6oz Daisy Fresh	LBL-VIO DFW IS MS 2.6oz Daisy Fresh pizza	1
LBL-VIO DFW IS MS 2.6oz Daisy Fresh	LBL-VIO DFW IS MS 2.6oz Dais	0
LBL-VIO DFW IS MS 2.6oz Fresh Energy	LBL-VIO DFW IS MS 2.6oz Fresh Ener	1
LBL-VIO DFW IS MS 2.6oz Fresh Energy	LBL-VIO DFW IS MS 2.6o Fres Energy	0
LBL-VIO DFW IS MS 2.6oz Sexy Intrigue	LBL-VIO DFW IS MS 2.6oz Sexy Intrigu	1
LBL-VIO DFW IS MS 2.6oz Sexy Intrigue	LBL-VIO DFW IS MS 2.6oz Sex	0
LBL-VIO DFW IS MS 2.6oz Stress Control	LBL-VIO DFW IS MS 2.6oz Stress Contro	1
LBL-VIO DFW IS MS 2.6oz Stress Control	LBL-VIO DFW I M 2.6oz Stress Control	0
LBL-VIO DFW IS MS 2.6z Active Shield	LBL-VIO DFW IS MS 2.6z Active Shiel	1
LBL-VIO DFW IS MS 2.6z Active Shield	LBL-VIO DFW IS MS 2.6 Activ Shield	0
LBL-VIO DFW IS MS Black + White 1	LBL-VIO DFW IS M Black + White 1	1
LBL-VIO DFW IS MS Black + White 1	LBL-VIO DF S MS Black + White 1	0
LBL-VIO DFW IS MTNSNS 48g Fresh Energy	LBL-VIO DFW I MTNSNS 48g Fresh Energy	1
LBL-VIO DFW IS MTNSNS 48g Fresh Energy	LBL-VIO DFW IS MTNSN 4g Fresh Energy	0
LBL-VIO DFW IS MTNSNS 48g Tropical Rush	LBL-VIO DFW IS MTNSS 48g Tropical Rush	1
LBL-VIO DFW IS MTNSNS 48g Tropical Rush	LBL-VI FW IS MTNSNS 48g Tropical Rush	0
LBL-VIO DMC AP/Deo CA Taco Rev	LBL-VIO DMC AP/Deo CA Taco Re	1
LBL-VIO DMC AP/Deo CA Taco Rev	LBL-VIO DM AP/De CA Taco Rev	0
LBL-VIO DMC AP/Deo CAN New Improved	LBL-VIO DMC AP/Deo CA Ne Improved	1
LBL-VIO DMC AP/Deo CAN New Improved	LBL-VIO DM AP/Deo CAN ew Improved	0
LBL-VIO DMC AP/Deo US New Feel Refreshed	LBL-VIO DMC AP/Deo US New eel Refreshed	1
LBL-VIO DMC AP/Deo US New Feel Refreshed	LBL-VIO DMC AP/Deo US Nw eel Refreshed	0
LBL-VIO DMC AP/Deo US New Improved	LBL-VIO DM AP/Deo US New Improved	1
LBL-VIO DMC AP/Deo US New Improved	LBL-VIO DM AP/De US New Improved	0
LBL-VIO DMC AP/Deo US REV	LBL-VIO DMC AP/Deo US EV	1
LBL-VIO DMC AP/Deo US REV	LBL-VIO DM AP/Deo US REV	0
LBL-VIO DV AP 1.6/2.6z NEW Formula	LBL-VIO DV P 1.6/2.6z NEW Formula	1
LBL-VIO DV AP 1.6/2.6z NEW Formula	LBL-VIO D AP 1.6/2.6z NEW Formula	0
LBL-VIO DV AP 74g New Formula	LBL-VIO DV AP 74g Nw Formula	1
LBL-VIO DV AP 74g New Formula	LBL-VIO DV AP 7g New Formul	0
LBL-Vio DV GS/GF 2.6z AC NEW	LBL-Vio DV GS/GF 2.6z AC NEW	1
LBL-Vio DV GS/GF 2.6z AC NEW	LBL-Vio DV GS/GF 2.6 A NEW	0
LBL-Vio DV Protect + Care 2.6z	LBL-Vio DV Protet + Care 2.6z	1
LBL-Vio DV Protect + Care 2.6z	LBL-Vi V Protect + Care 2.6z	0
LBL-VIO SUA AP/DEO 2.6z/1.6z	LBL-VIO SUA AP/DO 2.6z/1.6z	1
LBL-VIO SUA AP/DEO 2.6z/1.6z	LBL-VIO SUA AP/DE 2.6z/1.6	0
Lemon Peel Domestic	Lemon Peel Domestic 	1
Lemon Peel Domestic	Lemon Peel Domestic food	0
Mat 's -  67215404 67215405 67215413 673	Mat 's -  67215404 67215405 6715413 673	1
Mat 's -  67215404 67215405 67215413 673	Mat 's -  6721540 6715405 67215413 673	0
Mat 's -  67285581 67285572 67302072 673	Mat 's -  67285581 67285572 6732072 673	1
Mat 's -  67285581 67285572 67302072 673	Mat 's -  67285581 6728557 6730072 673	0
Mat 's -  67307326 67307330 67307332 673	Mat 's -  67307326 67307330 6730733 673	1
Mat 's -  67307326 67307330 67307332 673	Mat 's -  67307326 6730733 6307332 673	0
Mat 's -  67456177 - 67456178This DO is	Mat 's -  67456177 – 67456178Tis DO is	1
Mat 's -  67456177 - 67456178This DO is	Mat 's -  67456177 – 6745678This DO is	0
Mat 's -  83325800 8332455067510563 6751	Mat 's -  83325800 8332455067510563 671	1
Mat 's -  83325800 8332455067510563 6751	Mat 's -  8332580 833245506751063 6751	0
Mat 's -  x4 Specs AttachedThis DO is fo	Mat 's -  x4 Specs AttachedThis DO is f	1
Mat 's -  x4 Specs AttachedThis DO is fo	Mat 's -  x4 Spes AttachedThis DO is fo	0
Mat 's - 67153782 67153785 67153961 6715	Mat 's - 67153782 67153785 67153961 675	1
Mat 's - 67153782 67153785 67153961 6715	Mat 's – 6715378 7153785 67153961 6715	0
Mat 's - 67153959, 67214485, 67153789, 6	Mat 's - 67153959, 67214485, 67153789, 	1
Mat 's - 67153959, 67214485, 67153789, 6	Mat 's - 6713959, 7214485, 67153789, 6	0
Mat 's - 67212792 67194363 67194704 6719	Mat 's - 67212792 67194363 6719470 6719	1
Mat 's - 67212792 67194363 67194704 6719	Mat 's - 67212792 6719436 7194704 6719	0
Mat 's - 67221583,67221581,67250805,6725	Mat 's – 67221583,67221581,6720805,6725	1
Mat 's - 67221583,67221581,67250805,6725	Mat 's – 6722158,6221581,67250805,6725	0
Mat 's - 67236146, 67212787, 67270952, 6	Mat 's - 67236146, 6721278, 7270952, 6	1
Mat 's - 67236146, 67212787, 67270952, 6	Mat 's – 6723614, 6721278, 67270952, 6	0
Mat 's - 67244895 67242648 67214484 6721	Mat 's - 67244895 6724264 6724484 6721	1
Mat 's - 67244895 67242648 67214484 6721	Mat 's – 6724495 6724648 67214484 6721	0
Mat 's - 67251994  67272361 67252802 671	Mat 's - 67251994  6727261 67252802 671	1
Mat 's - 67251994  67272361 67252802 671	Mat 's – 6725199  6727361 67252802 671	0
Mat 's - 67281432 67281433 67278118 6727	Mat 's - 67281432 6728143 67278118 6727	1
Mat 's - 67281432 67281433 67278118 6727	Mat 's – 6728143 7281433 67278118 6727	0
Mat 's - 67282238 67194381 67152719 6719	Mat 's - 67282238 67194381 67152719 719	1
Mat 's - 67282238 67194381 67152719 6719	Mat 's – 6728228 6719481 67152719 6719	0
Mat 's - 67292819 67292821 67292817 6729	Mat 's - 67292819 67292821 6729287 6729	1
Mat 's - 67292819 67292821 67292817 6729	Mat 's – 6729281 7292821 67292817 6729	0
Mat 's -67285591 67285572 67285579 67285	Mat 's -67285591 67285572 6725579 67285	1
Mat 's -67285591 67285572 67285579 67285	Mat 's -6728559 6725572 67285579 67285	0
Men Invig Ignite Bk 2in1 12z US New Remo	Men Invig Ignite Bk 2in1 12z US ew Remo	1
Men Invig Ignite Bk 2in1 12z US New Remo	Men Invig Ignit B 2in1 12z US New Remo	0
Men Invig Ignite FRt 2in1 12z Remove New	Men Invig Ignite FRt 2in1 11z Reove New	1
Men Invig Ignite FRt 2in1 12z Remove New	Men Invig Ignite FRt 2in1 1z emove New	0
NPOPOI BL VC LA AGED 21292.96	NPOPOI BL VC LA AGED 21292.6	1
NPOPOI BL VC LA AGED 21292.96	NPOPOI BL V LA AGD 21292.96	0
Orange Peel Domestic	Orange Peel Domesti	1
Orange Peel Domestic	Orange eel Domesti	0
Peppermint Leaves Domestic Sized	Peppermint Leaves Domestic Size	1
Peppermint Leaves Domestic Sized	Peppermint Leaves Domesti Size	0
Plates - 83303283; 83301754	Plates - 83303283; 8330175	1
Plates - 83303283; 83301754	Plates - 8333283; 8330175	0
PRep ChaRges	PRep ChaRge	1
PRep ChaRges	Pep ChaRge	0
PRint Costs	PRint Costs 12	1
PRint Costs	Pint Cost	0
PRint PRess Costs	PRint PRess Costs 1	1
PRint PRess Costs	PRint Pres Cost	0
pRoject plato obsolete labels- no futuRe	pRoject plao obslete labels- no futuRe	1
pRoject plato obsolete labels- no futuRe	pRoject plao obsolet labels- no futuRe	0
Quote Suave WAWA Claim ARtwoRk	Quote Suave WAWA Claim AtwoRk	1
Quote Suave WAWA Claim ARtwoRk	Quote Suae WAA Claim ARtwoRk	0
Rosehips Teabag Cut	Rosehips Teabag Cu	1
Rosehips Teabag Cut	Rosehip eabag Cut	0
SandbaR Chamomile NutRition Testing	SandbaR Chamomile NutRition Testing service	1
SandbaR Chamomile NutRition Testing	SandbaR Chamomile NutRitin Testin	0
ScReens: 83303283; 83301754	ScReens: 83303283; 8330175	1
ScReens: 83303283; 83301754	ScReen: 8303283; 83301754	0
Spearmint Leaves	Spearmint Leaves 2kg	1
Spearmint Leaves	Spearmint Leave 100kg	0
St. Ives BW (PRoject Idaho) PRep ChaRge/	St. Ives BW (PRoject Idao) PRep Charge/	1
St. Ives BW (PRoject Idaho) PRep ChaRge/	St. Ives B (PRoject Idho) PRep ChaRge/	0
St.Ives/CaRess POI	St.Ives/CaRess PO	1
St.Ives/CaRess POI	St.Ives/CaRess OI 12kio	0
Sua Kids PuRely Fun DetangleR Bk 10z NL	Sua Kids PuRely Fun DetangleR B 10z NL	1
Sua Kids PuRely Fun DetangleR Bk 10z NL	Sua Kids PuRely Fun DetangleR 0z NL	0
Suave Kids Bk 3in1 40z US NL TRansfeR	Suave Kids Bk 3in1 40 US NL TRansfeR	1
Suave Kids Bk 3in1 40z US NL TRansfeR	Suave Kids B 3in1 40z U NL TRansfeR	0
Suave Kids MoistuRe ft 3in1 12z US NL TR	Suave Kids MoistuRe ft 3in1 12z US NL T	1
Suave Kids MoistuRe ft 3in1 12z US NL TR	Suave mens MoistuRe ft  12z US NL TR	0
SUAVE KIDS RESTAGE PRESS PROOF	SUAVE KIDS RSTAGE PRESS PROOF	1
SUAVE KIDS RESTAGE PRESS PROOF	SUVE KIDS RESTAE PRESS PROOF	0
This DO is foR CCL to coveR the costs of	This DO is foR CCL to coveR the costs of drink	1
This DO is foR CCL to coveR the costs of	This DO is fo CL to coveR the costs of	0
Vinegar White Distilled 12%	Vinegar White Distilled 11%	1
Vinegar White Distilled 12%	Glycerine White Distilled 12%	0
